wgs_id,rs429358,rs7412,wgs_apoe,reported_apoe,cohort,same_apoe
1000,1,0,34,34,mayo,YES
1005,0,0,33,33,mayo,YES
1010,0,0,33,33,mayo,YES
1015,1,0,34,34,mayo,YES
1019,1,0,34,34,mayo,YES
1027,0,0,33,33,mayo,YES
1029,0,0,33,33,mayo,YES
1034,0,1,23,23,mayo,YES
1036,0,0,33,33,mayo,YES
1045,0,0,33,33,mayo,YES
1046,0,0,33,33,mayo,YES
1047,1,0,34,34,mayo,YES
1052,0,0,33,33,mayo,YES
1058,0,0,33,33,mayo,YES
1059,1,0,34,34,mayo,YES
1078,0,0,33,33,mayo,YES
1085,0,0,33,33,mayo,YES
1089,2,0,44,44,mayo,YES
1098,1,0,34,34,mayo,YES
1103,0,1,23,23,mayo,YES
1104,0,0,33,33,mayo,YES
1105,1,0,34,34,mayo,YES
1114,1,0,34,34,mayo,YES
1119,1,0,34,34,mayo,YES
1121,2,0,44,44,mayo,YES
1123,0,0,33,33,mayo,YES
11241,0,0,33,33,mayo,YES
11249,0,0,33,33,mayo,YES
11253,0,0,33,33,mayo,YES
11254,0,0,33,33,mayo,YES
11255,0,0,33,33,mayo,YES
11258,0,1,23,23,mayo,YES
11259,1,0,34,34,mayo,YES
11263,0,1,23,23,mayo,YES
11264,0,0,33,33,mayo,YES
11265,0,0,33,33,mayo,YES
11266,1,0,34,34,mayo,YES
11267,0,0,33,33,mayo,YES
11271,0,0,33,33,mayo,YES
11275,0,0,33,33,mayo,YES
11276,0,0,33,33,mayo,YES
11279,0,1,23,23,mayo,YES
11281,0,0,33,33,mayo,YES
11285,0,0,33,33,mayo,YES
11287,1,1,24,24,mayo,YES
11288,0,0,33,33,mayo,YES
1129,1,0,34,34,mayo,YES
11290,0,2,22,22,mayo,YES
11291,1,0,34,34,mayo,YES
11292,0,0,33,33,mayo,YES
11293,0,0,33,33,mayo,YES
11294,0,0,33,33,mayo,YES
11295,0,1,23,23,mayo,YES
11298,0,0,33,33,mayo,YES
11300,0,0,33,33,mayo,YES
11303,1,0,34,34,mayo,YES
11305,0,1,23,23,mayo,YES
11306,0,0,33,33,mayo,YES
11307,0,0,33,33,mayo,YES
11309,2,0,44,44,mayo,YES
11312,1,0,34,34,mayo,YES
11313,1,0,34,34,mayo,YES
11314,0,1,23,23,mayo,YES
11316,1,0,34,34,mayo,YES
11317,0,1,23,23,mayo,YES
11319,0,0,33,33,mayo,YES
11320,0,0,33,33,mayo,YES
11321,0,0,33,33,mayo,YES
11322,0,0,33,33,mayo,YES
11323,0,0,33,33,mayo,YES
11325,0,0,33,33,mayo,YES
11326,0,0,33,33,mayo,YES
11327,0,0,33,33,mayo,YES
11328,0,1,23,23,mayo,YES
11329,0,0,33,33,mayo,YES
11330,0,0,33,33,mayo,YES
11331,0,1,23,23,mayo,YES
11332,0,0,33,33,mayo,YES
11333,0,0,33,33,mayo,YES
11334,0,0,33,33,mayo,YES
11337,0,0,33,33,mayo,YES
11338,1,0,34,34,mayo,YES
11340,0,1,23,23,mayo,YES
11341,0,0,33,33,mayo,YES
11342,1,0,34,34,mayo,YES
11344,0,0,33,33,mayo,YES
11345,0,0,33,33,mayo,YES
11346,0,0,33,33,mayo,YES
11349,0,0,33,33,mayo,YES
11353,0,0,33,33,mayo,YES
11355,0,0,33,33,mayo,YES
11357,0,1,23,23,mayo,YES
11358,0,0,33,33,mayo,YES
1137,0,0,33,33,mayo,YES
11370,0,0,33,33,mayo,YES
11371,1,0,34,34,mayo,YES
11372,1,0,34,34,mayo,YES
11374,0,0,33,33,mayo,YES
11377,0,0,33,33,mayo,YES
11381,0,1,23,23,mayo,YES
11383,0,0,33,33,mayo,YES
11385,1,0,34,34,mayo,YES
11389,0,0,33,33,mayo,YES
11391,0,0,33,33,mayo,YES
11393,0,0,33,33,mayo,YES
11394,0,0,33,33,mayo,YES
11395,0,0,33,33,mayo,YES
11396,0,0,33,33,mayo,YES
11397,0,0,33,33,mayo,YES
11398,0,1,23,23,mayo,YES
11399,0,0,33,33,mayo,YES
11400,1,0,34,34,mayo,YES
11402,0,1,23,23,mayo,YES
11403,0,0,33,33,mayo,YES
11404,0,0,33,33,mayo,YES
11408,1,0,34,34,mayo,YES
11410,0,1,23,23,mayo,YES
11412,0,0,33,33,mayo,YES
11417,0,0,33,33,mayo,YES
11422,0,0,33,33,mayo,YES
11423,0,1,23,23,mayo,YES
11424,1,0,34,34,mayo,YES
11425,1,0,34,34,mayo,YES
11426,0,0,33,33,mayo,YES
11427,0,0,33,33,mayo,YES
11428,0,0,33,33,mayo,YES
11429,0,0,33,33,mayo,YES
11430,0,0,33,33,mayo,YES
11431,0,0,33,33,mayo,YES
11432,0,0,33,33,mayo,YES
11433,0,0,33,33,mayo,YES
11440,0,1,23,23,mayo,YES
11443,0,1,23,23,mayo,YES
11445,0,0,33,33,mayo,YES
11447,0,0,33,33,mayo,YES
11448,0,0,33,33,mayo,YES
11449,1,0,34,34,mayo,YES
11452,0,0,33,33,mayo,YES
11456,0,0,33,33,mayo,YES
11457,0,0,33,33,mayo,YES
11458,0,0,33,33,mayo,YES
1146,0,1,23,23,mayo,YES
11460,1,0,34,34,mayo,YES
11463,0,0,33,33,mayo,YES
11464,0,0,33,33,mayo,YES
11465,0,0,33,33,mayo,YES
11468,0,1,23,23,mayo,YES
11469,0,0,33,33,mayo,YES
11470,0,1,23,23,mayo,YES
11471,0,0,33,33,mayo,YES
11472,1,0,34,34,mayo,YES
11474,0,0,33,33,mayo,YES
11475,0,1,23,23,mayo,YES
11476,0,0,33,33,mayo,YES
11480,1,0,34,34,mayo,YES
11481,0,0,33,33,mayo,YES
11482,0,0,33,33,mayo,YES
11483,1,0,34,34,mayo,YES
11485,0,1,23,23,mayo,YES
11486,1,0,34,34,mayo,YES
11489,0,0,33,33,mayo,YES
11491,0,0,33,33,mayo,YES
11492,0,0,33,33,mayo,YES
11493,0,0,33,33,mayo,YES
11494,0,0,33,33,mayo,YES
11495,0,0,33,33,mayo,YES
11497,0,0,33,33,mayo,YES
11498,0,0,33,33,mayo,YES
11499,0,0,33,33,mayo,YES
11500,0,0,33,33,mayo,YES
11502,0,0,33,33,mayo,YES
11505,0,0,33,33,mayo,YES
11506,0,1,23,23,mayo,YES
11507,0,0,33,33,mayo,YES
1159,0,0,33,33,mayo,YES
1166,0,0,33,33,mayo,YES
1172,0,0,33,33,mayo,YES
1183,0,0,33,33,mayo,YES
1195,2,0,44,44,mayo,YES
1200,1,0,34,34,mayo,YES
1214,1,0,34,34,mayo,YES
12306,1,0,34,NA,mayo,NA
12308,1,0,34,NA,mayo,NA
1239,0,0,33,33,mayo,YES
1258,1,0,34,34,mayo,YES
1271,1,0,34,34,mayo,YES
1275,0,1,23,23,mayo,YES
1282,1,0,34,34,mayo,YES
129,1,0,34,34,mayo,YES
1302,1,0,34,34,mayo,YES
134,1,0,34,34,mayo,YES
135,1,0,34,34,mayo,YES
141,2,0,44,44,mayo,YES
142,1,0,34,34,mayo,YES
14543,0,0,33,NA,mayo,NA
14546,0,0,33,NA,mayo,NA
14547,0,0,33,NA,mayo,NA
14548,1,0,34,NA,mayo,NA
14549,0,0,33,33,mayo,YES
14550,0,0,33,NA,mayo,NA
14551,0,0,33,NA,mayo,NA
14552,0,0,33,33,mayo,YES
14553,0,0,33,33,mayo,YES
14555,0,0,33,NA,mayo,NA
14556,1,0,34,NA,mayo,NA
14557,0,0,33,NA,mayo,NA
14558,1,0,34,NA,mayo,NA
14560,0,1,23,NA,mayo,NA
14562,0,0,33,NA,mayo,NA
149,0,0,33,33,mayo,YES
18198,0,0,33,NA,mayo,NA
18199,1,0,34,NA,mayo,NA
18200,0,0,33,NA,mayo,NA
18201,0,0,33,NA,mayo,NA
18202,1,0,34,NA,mayo,NA
18203,0,1,23,NA,mayo,NA
18204,0,0,33,NA,mayo,NA
18206,0,1,23,NA,mayo,NA
18209,0,0,33,NA,mayo,NA
18210,0,0,33,NA,mayo,NA
18211,0,0,33,NA,mayo,NA
18212,1,0,34,NA,mayo,NA
18213,0,0,33,NA,mayo,NA
18214,0,0,33,NA,mayo,NA
18216,0,0,33,NA,mayo,NA
18217,1,1,24,NA,mayo,NA
18218,0,1,23,NA,mayo,NA
18219,0,0,33,NA,mayo,NA
18220,0,0,33,NA,mayo,NA
18221,1,0,34,NA,mayo,NA
18222,0,0,33,NA,mayo,NA
18223,0,0,33,NA,mayo,NA
18224,0,1,23,NA,mayo,NA
18225,1,1,24,NA,mayo,NA
18226,1,0,34,NA,mayo,NA
18228,1,0,34,NA,mayo,NA
18229,0,1,23,NA,mayo,NA
18230,0,0,33,NA,mayo,NA
18231,2,0,44,NA,mayo,NA
18232,1,1,24,NA,mayo,NA
18233,0,0,33,NA,mayo,NA
18234,1,0,34,NA,mayo,NA
18235,1,0,34,NA,mayo,NA
18236,0,0,33,NA,mayo,NA
18237,0,0,33,NA,mayo,NA
18238,0,0,33,NA,mayo,NA
18239,0,1,23,NA,mayo,NA
1919,0,0,33,33,mayo,YES
1923,0,0,33,33,mayo,YES
1924,0,0,33,33,mayo,YES
1925,0,0,33,33,mayo,YES
1926,0,0,33,33,mayo,YES
1929,0,0,33,33,mayo,YES
1931,0,0,33,33,mayo,YES
1932,0,0,33,33,mayo,YES
1933,1,1,24,24,mayo,YES
1934,0,0,33,33,mayo,YES
1935,0,0,33,33,mayo,YES
1936,0,0,33,33,mayo,YES
1937,0,0,33,33,mayo,YES
1938,0,1,23,23,mayo,YES
1940,0,0,33,33,mayo,YES
1941,0,0,33,33,mayo,YES
1942,0,0,33,33,mayo,YES
1943,1,0,34,34,mayo,YES
1944,1,0,34,34,mayo,YES
1945,0,1,23,23,mayo,YES
1947,0,0,33,NA,mayo,NA
1948,0,0,33,NA,mayo,NA
1950,2,0,44,44,mayo,YES
1951,1,0,34,34,mayo,YES
1952,0,0,33,33,mayo,YES
1953,0,0,33,33,mayo,YES
1954,1,0,34,NA,mayo,NA
1955,0,0,33,33,mayo,YES
1956,0,0,33,33,mayo,YES
1957,0,0,33,33,mayo,YES
1958,0,0,33,33,mayo,YES
1959,0,0,33,33,mayo,YES
1960,0,0,33,33,mayo,YES
1963,0,0,33,33,mayo,YES
1964,0,1,23,23,mayo,YES
2210,0,0,33,NA,mayo,NA
2517,1,0,34,NA,mayo,NA
6810,0,0,33,33,mayo,YES
6819,0,0,33,33,mayo,YES
6821,1,0,34,34,mayo,YES
68411,0,2,22,22,msbb,YES
68416,0,1,23,23,msbb,YES
68419,0,1,23,NA,msbb,NA
68420,0,0,33,NA,msbb,NA
68422,0,0,33,NA,msbb,NA
68423,1,0,34,34,msbb,YES
68424,0,1,23,NA,msbb,NA
68425,1,0,34,NA,msbb,NA
68427,1,0,34,NA,msbb,NA
68428,1,0,34,NA,msbb,NA
68430,1,0,34,NA,msbb,NA
68431,0,0,33,NA,msbb,NA
68433,0,0,33,NA,msbb,NA
68434,0,1,23,NA,msbb,NA
68435,0,0,33,NA,msbb,NA
68454,0,0,33,NA,msbb,NA
68455,0,0,33,NA,msbb,NA
68515,0,0,33,NA,msbb,NA
68522,0,0,33,33,msbb,YES
68586,0,0,33,33,msbb,YES
68622,1,0,34,NA,msbb,NA
68624,1,0,34,34,msbb,YES
6863,0,1,23,23,mayo,YES
68637,0,0,33,NA,msbb,NA
68658,2,0,44,NA,msbb,NA
68682,0,0,33,33,msbb,YES
6870,0,0,33,33,mayo,YES
6872,0,0,33,33,mayo,YES
6880,0,0,33,33,mayo,YES
6894,0,0,33,33,mayo,YES
6913,0,0,33,33,mayo,YES
6914,0,0,33,33,mayo,YES
6915,0,0,33,33,mayo,YES
6925,0,0,33,33,mayo,YES
6929,0,0,33,33,mayo,YES
6952,0,0,33,33,mayo,YES
6976,0,1,23,23,mayo,YES
7000,0,1,23,23,mayo,YES
7015,1,0,34,34,mayo,YES
7016,1,0,34,34,mayo,YES
70460,0,0,33,33,msbb,YES
70475,0,1,23,23,msbb,YES
70485,0,0,33,33,msbb,YES
70490,0,0,33,33,msbb,YES
70524,0,0,33,NA,msbb,NA
70539,0,0,33,33,msbb,YES
70546,1,0,34,34,msbb,YES
70568,1,0,34,34,msbb,YES
70579,0,0,33,33,msbb,YES
70594,0,0,33,33,msbb,YES
70609,1,0,34,34,msbb,YES
70614,0,1,23,23,msbb,YES
70635,0,0,33,33,msbb,YES
70640,0,0,33,33,msbb,YES
70659,0,0,33,NA,msbb,NA
70665,1,0,34,34,msbb,YES
70672,1,0,34,34,msbb,YES
70688,0,0,33,NA,msbb,NA
70696,0,0,33,33,msbb,YES
7095,0,1,23,23,mayo,YES
7098,0,0,33,33,mayo,YES
7099,0,0,33,33,mayo,YES
716,0,0,33,33,mayo,YES
71673,0,0,33,33,msbb,YES
71674,1,0,34,NA,msbb,NA
71675,0,0,33,33,msbb,YES
71677,1,0,34,34,msbb,YES
71679,0,0,33,33,msbb,YES
71684,0,0,33,33,msbb,YES
71685,0,0,33,NA,msbb,NA
71686,0,0,33,33,msbb,YES
71687,0,0,33,NA,msbb,NA
71688,0,0,33,33,msbb,YES
71689,0,0,33,33,msbb,YES
71690,0,0,33,33,msbb,YES
71691,0,0,33,NA,msbb,NA
71692,1,0,34,34,msbb,YES
71693,0,1,23,NA,msbb,NA
71694,1,0,34,34,msbb,YES
71695,0,0,33,NA,msbb,NA
71697,0,0,33,33,msbb,YES
71698,1,0,34,NA,msbb,NA
71699,1,0,34,34,msbb,YES
71700,1,0,34,34,msbb,YES
71701,0,0,33,NA,msbb,NA
71702,1,0,34,NA,msbb,NA
71703,0,0,33,33,msbb,YES
71704,0,1,23,NA,msbb,NA
71705,0,1,23,23,msbb,YES
71706,0,0,33,NA,msbb,NA
71708,1,0,34,34,msbb,YES
71709,0,0,33,NA,msbb,NA
71710,1,0,34,34,msbb,YES
71711,0,0,33,NA,msbb,NA
71712,1,0,34,NA,msbb,NA
71713,1,1,24,NA,msbb,NA
71714,1,0,34,NA,msbb,NA
71715,1,0,34,34,msbb,YES
71716,0,0,33,33,msbb,YES
71717,0,0,33,33,msbb,YES
71718,1,0,34,34,msbb,YES
71719,0,0,33,33,msbb,YES
71720,2,0,44,NA,msbb,NA
71721,0,2,22,NA,msbb,NA
71722,1,0,34,NA,msbb,NA
71723,0,0,33,33,msbb,YES
71724,0,0,33,NA,msbb,NA
71725,0,0,33,NA,msbb,NA
71726,0,0,33,33,msbb,YES
71727,0,0,33,NA,msbb,NA
71728,0,0,33,33,msbb,YES
71730,0,0,33,33,msbb,YES
71731,1,0,34,34,msbb,YES
71732,0,0,33,33,msbb,YES
71733,0,0,33,NA,msbb,NA
71734,2,0,44,44,msbb,YES
71735,0,0,33,34,msbb,NO
71736,1,0,34,NA,msbb,NA
71737,0,0,33,NA,msbb,NA
71738,1,0,34,34,msbb,YES
71739,0,0,33,33,msbb,YES
71740,0,0,33,33,msbb,YES
71741,0,0,33,33,msbb,YES
71742,0,0,33,33,msbb,YES
71745,0,0,33,33,msbb,YES
71746,0,0,33,33,msbb,YES
71747,1,0,34,33,msbb,NO
71748,0,0,33,33,msbb,YES
71749,1,0,34,34,msbb,YES
71750,0,0,33,33,msbb,YES
71751,2,0,44,NA,msbb,NA
71752,0,0,33,NA,msbb,NA
71753,1,1,24,24,msbb,YES
71754,0,0,33,33,msbb,YES
71755,2,0,44,34,msbb,NO
71756,1,0,34,34,msbb,YES
71757,0,0,33,33,msbb,YES
71758,1,1,24,24,msbb,YES
71759,0,1,23,23,msbb,YES
71760,0,1,23,23,msbb,YES
71761,0,0,33,33,msbb,YES
71762,0,0,33,33,msbb,YES
71763,0,1,23,23,msbb,YES
71764,1,0,34,34,msbb,YES
71765,0,0,33,33,msbb,YES
71766,0,1,23,23,msbb,YES
71767,0,0,33,34,msbb,NO
71768,0,0,33,33,msbb,YES
71769,0,0,33,33,msbb,YES
71770,1,1,24,NA,msbb,NA
71771,1,0,34,NA,msbb,NA
71772,0,0,33,33,msbb,YES
71773,0,0,33,33,msbb,YES
71774,0,0,33,33,msbb,YES
71775,1,0,34,34,msbb,YES
71776,1,0,34,NA,msbb,NA
71777,1,0,34,NA,msbb,NA
71778,1,0,34,34,msbb,YES
71779,1,0,34,34,msbb,YES
71780,0,0,33,NA,msbb,NA
71781,0,0,33,33,msbb,YES
71782,1,0,34,34,msbb,YES
71783,0,0,33,NA,msbb,NA
71784,1,0,34,34,msbb,YES
71785,1,0,34,NA,msbb,NA
71786,1,0,34,34,msbb,YES
71787,0,0,33,33,msbb,YES
71789,1,0,34,NA,msbb,NA
71790,1,1,24,24,msbb,YES
71791,0,1,23,23,msbb,YES
71792,0,0,33,33,msbb,YES
71793,1,0,34,NA,msbb,NA
71794,1,0,34,NA,msbb,NA
71795,0,0,33,NA,msbb,NA
71796,1,0,34,34,msbb,YES
71797,0,0,33,33,msbb,YES
71798,1,0,34,34,msbb,YES
71799,1,0,34,34,msbb,YES
71800,0,0,33,33,msbb,YES
71801,0,2,22,22,msbb,YES
71802,1,0,34,34,msbb,YES
71803,0,0,33,33,msbb,YES
71804,1,0,34,NA,msbb,NA
71805,0,0,33,33,msbb,YES
71806,1,0,34,34,msbb,YES
71807,0,0,33,33,msbb,YES
71808,0,1,23,23,msbb,YES
71809,0,0,33,33,msbb,YES
71810,0,1,23,23,msbb,YES
71811,1,0,34,NA,msbb,NA
71812,0,0,33,NA,msbb,NA
71813,1,0,34,34,msbb,YES
71814,1,0,34,34,msbb,YES
71815,0,0,33,33,msbb,YES
71816,0,0,33,NA,msbb,NA
71817,0,1,23,NA,msbb,NA
71818,0,0,33,33,msbb,YES
71819,0,0,33,33,msbb,YES
71824,0,0,33,33,msbb,YES
71825,0,0,33,NA,msbb,NA
71826,1,0,34,NA,msbb,NA
71827,0,0,33,NA,msbb,NA
71828,0,0,33,33,msbb,YES
71829,0,0,33,33,msbb,YES
71830,0,0,33,33,msbb,YES
71831,0,0,33,33,msbb,YES
71832,0,0,33,33,msbb,YES
71833,1,0,34,NA,msbb,NA
71834,0,0,33,33,msbb,YES
71835,1,0,34,34,msbb,YES
71836,0,0,33,33,msbb,YES
71837,2,0,44,44,msbb,YES
71838,0,0,33,33,msbb,YES
71839,1,0,34,34,msbb,YES
71841,0,0,33,33,msbb,YES
71842,0,1,23,NA,msbb,NA
71843,0,0,33,NA,msbb,NA
71844,0,0,33,NA,msbb,NA
71845,0,0,33,33,msbb,YES
71846,1,0,34,34,msbb,YES
71847,0,0,33,NA,msbb,NA
71848,0,0,33,33,msbb,YES
71849,1,0,34,NA,msbb,NA
71850,0,1,23,23,msbb,YES
71851,1,0,34,34,msbb,YES
71852,0,0,33,33,msbb,YES
71853,0,0,33,33,msbb,YES
71855,0,0,33,33,msbb,YES
71856,1,0,34,34,msbb,YES
71857,0,0,33,NA,msbb,NA
71858,1,0,34,34,msbb,YES
71859,1,0,34,NA,msbb,NA
71860,1,0,34,34,msbb,YES
71861,2,0,44,44,msbb,YES
71862,0,0,33,33,msbb,YES
71863,0,0,33,33,msbb,YES
71865,1,0,34,NA,msbb,NA
71866,1,0,34,34,msbb,YES
71867,1,0,34,34,msbb,YES
71868,0,0,33,33,msbb,YES
71870,1,0,34,34,msbb,YES
71871,2,0,44,NA,msbb,NA
71873,1,0,34,34,msbb,YES
71875,0,0,33,33,msbb,YES
71876,0,0,33,33,msbb,YES
71877,0,0,33,33,msbb,YES
71878,1,1,24,24,msbb,YES
71879,1,0,34,34,msbb,YES
71880,0,0,33,33,msbb,YES
71881,0,0,33,NA,msbb,NA
71882,0,1,23,23,msbb,YES
71883,1,0,34,34,msbb,YES
71884,0,0,33,33,msbb,YES
71885,2,0,44,44,msbb,YES
71886,0,0,33,33,msbb,YES
71887,0,0,33,33,msbb,YES
71889,0,0,33,NA,msbb,NA
71890,1,0,34,34,msbb,YES
71891,0,1,23,23,msbb,YES
71892,0,1,23,23,msbb,YES
71893,0,0,33,NA,msbb,NA
71895,0,0,33,NA,msbb,NA
71896,0,0,33,33,msbb,YES
71897,0,0,33,33,msbb,YES
71898,0,0,33,NA,msbb,NA
71899,0,0,33,33,msbb,YES
719,0,1,23,23,mayo,YES
71900,1,0,34,34,msbb,YES
71901,0,0,33,NA,msbb,NA
71902,2,0,44,44,msbb,YES
71903,1,0,34,NA,msbb,NA
71904,0,0,33,33,msbb,YES
71906,1,0,34,NA,msbb,NA
71907,0,0,33,33,msbb,YES
71908,0,1,23,23,msbb,YES
71909,1,0,34,34,msbb,YES
71910,0,1,23,NA,msbb,NA
71911,1,0,34,34,msbb,YES
71912,1,0,34,NA,msbb,NA
71913,1,0,34,NA,msbb,NA
71915,1,0,34,34,msbb,YES
71916,0,1,23,23,msbb,YES
71917,0,1,23,23,msbb,YES
71918,0,0,33,NA,msbb,NA
71919,1,0,34,34,msbb,YES
71920,0,0,33,33,msbb,YES
71922,0,1,23,NA,msbb,NA
71923,0,0,33,33,msbb,YES
71924,0,1,23,23,msbb,YES
71925,0,0,33,33,msbb,YES
71926,0,1,23,23,msbb,YES
71927,0,1,23,23,msbb,YES
71928,0,0,33,33,msbb,YES
71929,0,0,33,33,msbb,YES
71930,0,0,33,NA,msbb,NA
71931,0,0,33,NA,msbb,NA
71932,0,0,33,NA,msbb,NA
71933,1,0,34,NA,msbb,NA
71934,0,0,33,NA,msbb,NA
71935,1,0,34,NA,msbb,NA
71936,0,0,33,NA,msbb,NA
71937,0,0,33,33,msbb,YES
71938,1,0,34,34,msbb,YES
71939,2,0,44,NA,msbb,NA
71940,0,0,33,33,msbb,YES
71941,1,0,34,NA,msbb,NA
71942,0,0,33,33,msbb,YES
71943,0,1,23,23,msbb,YES
71944,2,0,44,44,msbb,YES
71945,0,1,23,23,msbb,YES
71946,0,0,33,33,msbb,YES
71947,0,0,33,NA,msbb,NA
71948,0,0,33,33,msbb,YES
71949,1,0,34,34,msbb,YES
71950,0,0,33,33,msbb,YES
71951,1,0,34,34,msbb,YES
71952,0,0,33,NA,msbb,NA
71954,0,0,33,NA,msbb,NA
71955,0,0,33,NA,msbb,NA
71956,0,1,23,NA,msbb,NA
71958,1,0,34,NA,msbb,NA
71959,0,1,23,NA,msbb,NA
71960,0,1,23,23,msbb,YES
71961,1,1,24,NA,msbb,NA
71962,0,1,23,NA,msbb,NA
71963,0,0,33,NA,msbb,NA
71964,0,1,23,NA,msbb,NA
71965,1,0,34,NA,msbb,NA
71966,0,0,33,NA,msbb,NA
71967,0,0,33,NA,msbb,NA
71968,1,0,34,34,msbb,YES
71969,0,0,33,NA,msbb,NA
71970,0,1,23,NA,msbb,NA
71971,0,0,33,33,msbb,YES
71972,0,0,33,NA,msbb,NA
71973,0,0,33,NA,msbb,NA
71974,0,0,33,NA,msbb,NA
71975,1,0,34,34,msbb,YES
71976,0,0,33,33,msbb,YES
71977,0,0,33,33,msbb,YES
71978,1,0,34,NA,msbb,NA
71979,1,0,34,NA,msbb,NA
71980,0,1,23,NA,msbb,NA
71981,0,1,23,NA,msbb,NA
71982,0,0,33,33,msbb,YES
71983,1,0,34,NA,msbb,NA
71984,0,1,23,NA,msbb,NA
71985,1,0,34,NA,msbb,NA
71986,1,0,34,NA,msbb,NA
71987,0,0,33,33,msbb,YES
71988,0,0,33,33,msbb,YES
71989,1,0,34,NA,msbb,NA
71991,2,0,44,NA,msbb,NA
71992,0,0,33,NA,msbb,NA
71993,1,0,34,NA,msbb,NA
71994,0,0,33,NA,msbb,NA
71995,0,0,33,NA,msbb,NA
71996,2,0,44,NA,msbb,NA
731,0,0,33,33,mayo,YES
732,1,0,34,34,mayo,YES
736,0,0,33,33,mayo,YES
742,0,0,33,33,mayo,YES
744,0,0,33,33,mayo,YES
74458,0,0,33,NA,msbb,NA
746,0,0,33,33,mayo,YES
751,1,0,34,34,mayo,YES
76348,2,0,44,44,msbb,YES
76349,0,1,23,23,msbb,YES
76350,1,1,24,NA,msbb,NA
76351,1,0,34,34,msbb,YES
76352,1,0,34,NA,msbb,NA
76353,0,0,33,33,msbb,YES
766,1,0,34,34,mayo,YES
775,1,0,34,34,mayo,YES
777,0,0,33,33,mayo,YES
783,1,0,34,34,mayo,YES
785,1,0,34,34,mayo,YES
786,1,0,34,34,mayo,YES
787,1,0,34,34,mayo,YES
791,0,0,33,33,mayo,YES
797,0,0,33,33,mayo,YES
812,2,0,44,44,mayo,YES
813,1,0,34,34,mayo,YES
816,1,0,34,34,mayo,YES
828,0,1,23,23,mayo,YES
834,2,0,44,44,mayo,YES
843,1,0,34,34,mayo,YES
849,0,0,33,33,mayo,YES
850,1,0,34,34,mayo,YES
851,0,0,33,33,mayo,YES
859,0,0,33,33,mayo,YES
871,0,0,33,33,mayo,YES
886,1,0,34,34,mayo,YES
892,0,0,33,33,mayo,YES
894,0,0,33,33,mayo,YES
896,1,0,34,34,mayo,YES
931,0,0,33,33,mayo,YES
933,1,0,34,34,mayo,YES
937,1,0,34,34,mayo,YES
946,0,0,33,33,mayo,YES
948,0,0,33,33,mayo,YES
952,1,0,34,34,mayo,YES
962,1,0,34,34,mayo,YES
966,2,0,44,44,mayo,YES
976,1,0,34,34,mayo,YES
981,1,0,34,34,mayo,YES
991,1,0,34,34,mayo,YES
MAP15387421,1,0,34,34,rosmap,YES
MAP22868024,0,0,33,33,rosmap,YES
MAP26637867,0,0,33,33,rosmap,YES
MAP29629849,1,0,34,34,rosmap,YES
MAP33332646,1,0,34,34,rosmap,YES
MAP34726040,0,1,23,23,rosmap,YES
MAP46246604,0,0,33,33,rosmap,YES
MAP46251007,0,0,33,33,rosmap,YES
MAP50103679,0,0,33,33,rosmap,YES
MAP50104134,1,0,34,34,rosmap,YES
MAP50104846,1,0,34,34,rosmap,YES
MAP50106442,0,0,33,33,rosmap,YES
MAP50106992,1,0,34,34,rosmap,YES
MAP50108462,0,1,23,23,rosmap,YES
MAP50301099,0,0,33,33,rosmap,YES
MAP50302680,0,0,33,33,rosmap,YES
MAP50402431,0,0,33,33,rosmap,YES
MAP50409406,1,1,24,24,rosmap,YES
MAP61344957,0,0,33,33,rosmap,YES
MAP85980779,0,0,33,33,rosmap,YES
MAP87264456,0,0,33,33,rosmap,YES
MAP89164957,0,0,33,33,rosmap,YES
MAP93787649,0,0,33,33,rosmap,YES
MAP95330358,0,0,33,33,rosmap,YES
MAP95453354,0,0,33,33,rosmap,YES
ROS10524640,1,0,34,34,rosmap,YES
ROS11430815,1,0,34,34,rosmap,YES
ROS11697592,1,0,34,34,rosmap,YES
ROS15114174,0,0,33,33,rosmap,YES
ROS15738428,0,0,33,33,rosmap,YES
ROS20225051,1,0,34,34,rosmap,YES
ROS20251553,0,0,33,33,rosmap,YES
ROS20254452,1,0,34,34,rosmap,YES
ROS20275399,0,0,33,33,rosmap,YES
ROS20327084,0,0,33,33,rosmap,YES
ROS20376029,1,0,34,34,rosmap,YES
ROS20945666,0,0,33,34,rosmap,NO
ROS20946257,1,0,34,34,rosmap,YES
ROS20990085,0,0,33,33,rosmap,YES
ROS20998065,0,0,33,33,rosmap,YES
ROS21001807,0,0,33,33,rosmap,YES
ROS21112011,0,0,33,33,rosmap,YES
ROS21113864,0,0,33,33,rosmap,YES
ROS21274866,0,0,33,33,rosmap,YES
ROS79590778,0,0,33,33,rosmap,YES
SM-CJEFQ,0,0,33,33,rosmap,YES
SM-CJEFR,1,0,34,34,rosmap,YES
SM-CJEFS,0,1,23,23,rosmap,YES
SM-CJEFU,1,0,34,34,rosmap,YES
SM-CJEFV,0,0,33,33,rosmap,YES
SM-CJEFW,1,0,34,34,rosmap,YES
SM-CJEFX,0,0,33,33,rosmap,YES
SM-CJEFY,0,0,33,33,rosmap,YES
SM-CJEFZ,0,0,33,33,rosmap,YES
SM-CJEG1,0,0,33,33,rosmap,YES
SM-CJEG3,0,0,33,33,rosmap,YES
SM-CJEG4,1,0,34,34,rosmap,YES
SM-CJEG6,0,1,23,23,rosmap,YES
SM-CJEG7,0,0,33,33,rosmap,YES
SM-CJEG8,0,0,33,33,rosmap,YES
SM-CJEG9,1,0,34,34,rosmap,YES
SM-CJEGA,0,0,33,33,rosmap,YES
SM-CJEGB,0,0,33,33,rosmap,YES
SM-CJEGC,0,1,23,23,rosmap,YES
SM-CJEGD,0,1,23,23,rosmap,YES
SM-CJEGE,0,0,33,33,rosmap,YES
SM-CJEGF,0,0,33,33,rosmap,YES
SM-CJEGG,0,0,33,33,rosmap,YES
SM-CJEGH,0,0,33,33,rosmap,YES
SM-CJEGI,0,0,33,33,rosmap,YES
SM-CJEGJ,0,0,33,33,rosmap,YES
SM-CJEGK,0,0,33,33,rosmap,YES
SM-CJEGM,0,0,33,33,rosmap,YES
SM-CJEGN,1,0,34,NA,rosmap,NA
SM-CJEGO,0,0,33,33,rosmap,YES
SM-CJEGP,0,0,33,33,rosmap,YES
SM-CJEGQ,0,1,23,23,rosmap,YES
SM-CJEGR,1,1,24,24,rosmap,YES
SM-CJEGS,0,1,23,23,rosmap,YES
SM-CJEGU,0,0,33,34,rosmap,NO
SM-CJEGV,0,0,33,33,rosmap,YES
SM-CJEGX,0,0,33,33,rosmap,YES
SM-CJEGY,1,0,34,34,rosmap,YES
SM-CJEGZ,1,0,34,34,rosmap,YES
SM-CJEH1,0,0,33,33,rosmap,YES
SM-CJEH2,1,0,34,34,rosmap,YES
SM-CJEH3,0,0,33,33,rosmap,YES
SM-CJEH4,0,0,33,33,rosmap,YES
SM-CJEH5,0,0,33,33,rosmap,YES
SM-CJEH6,0,1,23,23,rosmap,YES
SM-CJEHA,0,0,33,33,rosmap,YES
SM-CJEHD,0,0,33,33,rosmap,YES
SM-CJEHE,0,1,23,23,rosmap,YES
SM-CJEHF,0,1,23,23,rosmap,YES
SM-CJEHG,0,0,33,33,rosmap,YES
SM-CJEHH,0,0,33,33,rosmap,YES
SM-CJEHI,0,0,33,33,rosmap,YES
SM-CJEHJ,0,0,33,33,rosmap,YES
SM-CJEHK,0,1,23,23,rosmap,YES
SM-CJEHL,0,0,33,33,rosmap,YES
SM-CJEHM,0,0,33,33,rosmap,YES
SM-CJEHN,0,0,33,33,rosmap,YES
SM-CJEHP,1,0,34,34,rosmap,YES
SM-CJEHQ,1,0,34,34,rosmap,YES
SM-CJEHR,0,0,33,33,rosmap,YES
SM-CJEHS,0,0,33,33,rosmap,YES
SM-CJEHT,0,0,33,33,rosmap,YES
SM-CJEHU,0,0,33,33,rosmap,YES
SM-CJEHV,0,0,33,33,rosmap,YES
SM-CJEHW,0,0,33,33,rosmap,YES
SM-CJEHX,0,0,33,33,rosmap,YES
SM-CJEHY,0,0,33,33,rosmap,YES
SM-CJEHZ,0,0,33,33,rosmap,YES
SM-CJEI1,1,0,34,34,rosmap,YES
SM-CJEI2,0,0,33,34,rosmap,NO
SM-CJEI3,1,0,34,34,rosmap,YES
SM-CJEI4,0,0,33,33,rosmap,YES
SM-CJEI5,1,0,34,34,rosmap,YES
SM-CJEI6,1,0,34,34,rosmap,YES
SM-CJEI7,0,1,23,23,rosmap,YES
SM-CJEI9,0,0,33,33,rosmap,YES
SM-CJEIA,0,0,33,34,rosmap,NO
SM-CJEIB,0,0,33,33,rosmap,YES
SM-CJEIC,0,1,23,23,rosmap,YES
SM-CJEID,1,0,34,34,rosmap,YES
SM-CJEIE,0,0,33,33,rosmap,YES
SM-CJEIH,0,0,33,33,rosmap,YES
SM-CJEIJ,0,0,33,33,rosmap,YES
SM-CJEIL,0,0,33,33,rosmap,YES
SM-CJEIM,0,0,33,33,rosmap,YES
SM-CJEIN,0,0,33,33,rosmap,YES
SM-CJEIO,0,0,33,33,rosmap,YES
SM-CJEIP,0,0,33,33,rosmap,YES
SM-CJEIQ,0,0,33,33,rosmap,YES
SM-CJEIR,0,0,33,33,rosmap,YES
SM-CJEIS,1,0,34,34,rosmap,YES
SM-CJEIU,0,0,33,33,rosmap,YES
SM-CJEIV,1,0,34,34,rosmap,YES
SM-CJEIW,1,0,34,34,rosmap,YES
SM-CJEIX,0,0,33,33,rosmap,YES
SM-CJEIY,0,1,23,23,rosmap,YES
SM-CJEJ2,0,1,23,23,rosmap,YES
SM-CJEJ3,0,0,33,33,rosmap,YES
SM-CJEJ4,0,0,33,33,rosmap,YES
SM-CJEJ5,1,0,34,34,rosmap,YES
SM-CJEJ6,1,1,24,24,rosmap,YES
SM-CJEJ7,1,0,34,34,rosmap,YES
SM-CJEJ8,0,0,33,33,rosmap,YES
SM-CJEJ9,0,0,33,33,rosmap,YES
SM-CJEJA,1,0,34,34,rosmap,YES
SM-CJEJB,0,0,33,33,rosmap,YES
SM-CJEJD,0,0,33,33,rosmap,YES
SM-CJEJE,0,1,23,23,rosmap,YES
SM-CJEJG,0,0,33,33,rosmap,YES
SM-CJEJH,0,1,23,23,rosmap,YES
SM-CJEJI,1,0,34,NA,rosmap,NA
SM-CJEJJ,1,0,34,34,rosmap,YES
SM-CJEJK,1,0,34,34,rosmap,YES
SM-CJEJL,0,0,33,33,rosmap,YES
SM-CJEJM,0,0,33,33,rosmap,YES
SM-CJEJN,1,0,34,34,rosmap,YES
SM-CJEJO,0,0,33,33,rosmap,YES
SM-CJEJP,0,0,33,33,rosmap,YES
SM-CJEJQ,0,0,33,33,rosmap,YES
SM-CJEJR,0,0,33,33,rosmap,YES
SM-CJEJS,0,0,33,33,rosmap,YES
SM-CJEJT,1,1,24,24,rosmap,YES
SM-CJEJU,0,0,33,33,rosmap,YES
SM-CJEJV,1,0,34,34,rosmap,YES
SM-CJEJW,1,0,34,34,rosmap,YES
SM-CJEJY,0,0,33,33,rosmap,YES
SM-CJEJZ,0,0,33,33,rosmap,YES
SM-CJEK1,2,0,44,44,rosmap,YES
SM-CJEK3,0,0,33,33,rosmap,YES
SM-CJEK4,0,0,33,33,rosmap,YES
SM-CJEK5,1,0,34,34,rosmap,YES
SM-CJEK6,0,0,33,33,rosmap,YES
SM-CJEK7,0,0,33,33,rosmap,YES
SM-CJEK9,0,0,33,33,rosmap,YES
SM-CJEKA,0,0,33,33,rosmap,YES
SM-CJEKB,0,0,33,33,rosmap,YES
SM-CJEKC,0,0,33,33,rosmap,YES
SM-CJEKE,1,0,34,34,rosmap,YES
SM-CJEKF,1,0,34,34,rosmap,YES
SM-CJEKG,0,1,23,23,rosmap,YES
SM-CJEKH,1,0,34,34,rosmap,YES
SM-CJEKI,0,0,33,34,rosmap,NO
SM-CJEKJ,0,0,33,33,rosmap,YES
SM-CJEKK,0,0,33,33,rosmap,YES
SM-CJEKL,0,0,33,33,rosmap,YES
SM-CJEKM,0,0,33,33,rosmap,YES
SM-CJEKN,0,0,33,33,rosmap,YES
SM-CJEKO,0,1,23,23,rosmap,YES
SM-CJEKP,1,0,34,34,rosmap,YES
SM-CJEKQ,0,0,33,33,rosmap,YES
SM-CJEKR,0,0,33,33,rosmap,YES
SM-CJEKS,1,0,34,34,rosmap,YES
SM-CJEKV,0,0,33,33,rosmap,YES
SM-CJEKW,0,0,33,33,rosmap,YES
SM-CJEKX,0,0,33,33,rosmap,YES
SM-CJEKY,0,0,33,33,rosmap,YES
SM-CJEKZ,0,0,33,33,rosmap,YES
SM-CJEL2,0,0,33,33,rosmap,YES
SM-CJEL3,0,0,33,34,rosmap,NO
SM-CJEL6,0,0,33,33,rosmap,YES
SM-CJEL7,0,0,33,33,rosmap,YES
SM-CJFK4,0,0,33,33,rosmap,YES
SM-CJFK5,0,0,33,33,rosmap,YES
SM-CJFK6,1,0,34,34,rosmap,YES
SM-CJFK7,0,0,33,33,rosmap,YES
SM-CJFK8,0,0,33,33,rosmap,YES
SM-CJFK9,0,0,33,33,rosmap,YES
SM-CJFKA,0,1,23,23,rosmap,YES
SM-CJFKB,0,0,33,33,rosmap,YES
SM-CJFKD,0,0,33,33,rosmap,YES
SM-CJFKE,0,1,23,23,rosmap,YES
SM-CJFKF,0,0,33,33,rosmap,YES
SM-CJFKG,1,0,34,34,rosmap,YES
SM-CJFKH,0,0,33,33,rosmap,YES
SM-CJFKI,1,0,34,34,rosmap,YES
SM-CJFKJ,0,0,33,33,rosmap,YES
SM-CJFKK,0,0,33,33,rosmap,YES
SM-CJFKM,0,0,33,33,rosmap,YES
SM-CJFKO,1,0,34,34,rosmap,YES
SM-CJFKP,2,0,44,34,rosmap,NO
SM-CJFKQ,0,0,33,33,rosmap,YES
SM-CJFKR,1,0,34,34,rosmap,YES
SM-CJFKS,0,0,33,33,rosmap,YES
SM-CJFKT,0,0,33,33,rosmap,YES
SM-CJFKU,1,0,34,34,rosmap,YES
SM-CJFKV,0,1,23,23,rosmap,YES
SM-CJFKW,0,0,33,33,rosmap,YES
SM-CJFKX,0,1,23,23,rosmap,YES
SM-CJFKY,0,0,33,33,rosmap,YES
SM-CJFKZ,0,0,33,33,rosmap,YES
SM-CJFL3,0,0,33,33,rosmap,YES
SM-CJFL4,0,0,33,33,rosmap,YES
SM-CJFL5,0,0,33,33,rosmap,YES
SM-CJFL7,0,0,33,33,rosmap,YES
SM-CJFL8,0,1,23,23,rosmap,YES
SM-CJFL9,0,1,23,23,rosmap,YES
SM-CJFLA,0,0,33,33,rosmap,YES
SM-CJFLB,0,0,33,33,rosmap,YES
SM-CJFLC,0,0,33,33,rosmap,YES
SM-CJFLD,0,0,33,33,rosmap,YES
SM-CJFLE,1,0,34,34,rosmap,YES
SM-CJFLF,0,0,33,33,rosmap,YES
SM-CJFLG,0,0,33,33,rosmap,YES
SM-CJFLH,0,0,33,33,rosmap,YES
SM-CJFLI,1,0,34,34,rosmap,YES
SM-CJFLL,1,0,34,34,rosmap,YES
SM-CJFLM,0,0,33,33,rosmap,YES
SM-CJFLO,1,0,34,34,rosmap,YES
SM-CJFLQ,0,1,23,23,rosmap,YES
SM-CJFLR,0,0,33,33,rosmap,YES
SM-CJFLS,0,0,33,33,rosmap,YES
SM-CJFLT,0,1,23,23,rosmap,YES
SM-CJFLV,1,0,34,34,rosmap,YES
SM-CJFLW,0,0,33,33,rosmap,YES
SM-CJFLX,0,0,33,33,rosmap,YES
SM-CJFLY,0,0,33,33,rosmap,YES
SM-CJFLZ,0,0,33,33,rosmap,YES
SM-CJFM1,0,0,33,33,rosmap,YES
SM-CJFM2,0,0,33,33,rosmap,YES
SM-CJFM3,0,0,33,33,rosmap,YES
SM-CJFM4,0,0,33,33,rosmap,YES
SM-CJFM5,1,0,34,34,rosmap,YES
SM-CJFM6,0,0,33,33,rosmap,YES
SM-CJFM7,0,0,33,33,rosmap,YES
SM-CJFM8,0,0,33,33,rosmap,YES
SM-CJFM9,0,1,23,23,rosmap,YES
SM-CJFMA,0,0,33,33,rosmap,YES
SM-CJFMB,0,1,23,23,rosmap,YES
SM-CJFMD,1,0,34,34,rosmap,YES
SM-CJFME,0,0,33,33,rosmap,YES
SM-CJFMH,0,0,33,33,rosmap,YES
SM-CJFMJ,0,0,33,33,rosmap,YES
SM-CJFMK,1,0,34,34,rosmap,YES
SM-CJFMM,0,0,33,33,rosmap,YES
SM-CJFMO,1,0,34,34,rosmap,YES
SM-CJFMP,0,0,33,33,rosmap,YES
SM-CJFMQ,0,0,33,33,rosmap,YES
SM-CJFMR,0,0,33,33,rosmap,YES
SM-CJFMT,1,0,34,34,rosmap,YES
SM-CJFMU,0,0,33,33,rosmap,YES
SM-CJFMV,0,0,33,33,rosmap,YES
SM-CJFMW,0,0,33,33,rosmap,YES
SM-CJFMX,0,0,33,33,rosmap,YES
SM-CJFMY,0,0,33,33,rosmap,YES
SM-CJFMZ,0,0,33,33,rosmap,YES
SM-CJFN1,0,0,33,33,rosmap,YES
SM-CJFN2,1,0,34,34,rosmap,YES
SM-CJFN3,1,0,34,34,rosmap,YES
SM-CJFN4,0,0,33,33,rosmap,YES
SM-CJFN5,0,0,33,33,rosmap,YES
SM-CJFN6,0,0,33,33,rosmap,YES
SM-CJFN7,1,0,34,34,rosmap,YES
SM-CJFN8,0,0,33,33,rosmap,YES
SM-CJFN9,0,0,33,33,rosmap,YES
SM-CJFNA,0,0,33,33,rosmap,YES
SM-CJFNB,0,0,33,33,rosmap,YES
SM-CJFNC,1,1,24,24,rosmap,YES
SM-CJFND,0,0,33,33,rosmap,YES
SM-CJFNE,0,0,33,33,rosmap,YES
SM-CJFNF,0,0,33,33,rosmap,YES
SM-CJFNG,1,0,34,34,rosmap,YES
SM-CJFNH,0,0,33,33,rosmap,YES
SM-CJFNI,0,0,33,33,rosmap,YES
SM-CJFNJ,2,0,44,44,rosmap,YES
SM-CJFNK,0,0,33,33,rosmap,YES
SM-CJFNL,0,0,33,33,rosmap,YES
SM-CJFNM,0,0,33,33,rosmap,YES
SM-CJFNO,1,0,34,34,rosmap,YES
SM-CJFNP,1,0,34,34,rosmap,YES
SM-CJFNQ,0,0,33,33,rosmap,YES
SM-CJFNR,0,0,33,33,rosmap,YES
SM-CJFNS,1,1,24,24,rosmap,YES
SM-CJFNT,0,0,33,33,rosmap,YES
SM-CJFNU,2,0,44,44,rosmap,YES
SM-CJFNV,0,0,33,33,rosmap,YES
SM-CJFNW,1,1,24,24,rosmap,YES
SM-CJFNX,0,0,33,33,rosmap,YES
SM-CJFNY,0,2,22,22,rosmap,YES
SM-CJFO1,1,0,34,34,rosmap,YES
SM-CJFO2,0,1,23,23,rosmap,YES
SM-CJFO3,0,0,33,33,rosmap,YES
SM-CJFO4,2,0,44,44,rosmap,YES
SM-CJFO5,0,0,33,33,rosmap,YES
SM-CJFO6,0,0,33,33,rosmap,YES
SM-CJFO7,0,1,23,23,rosmap,YES
SM-CJFO8,0,0,33,33,rosmap,YES
SM-CJFO9,0,0,33,33,rosmap,YES
SM-CJFOA,1,0,34,24,rosmap,NO
SM-CJFOC,1,0,34,34,rosmap,YES
SM-CJFOD,0,0,33,33,rosmap,YES
SM-CJFOE,1,0,34,34,rosmap,YES
SM-CJFOF,1,0,34,34,rosmap,YES
SM-CJFOH,0,0,33,33,rosmap,YES
SM-CJFOI,0,0,33,33,rosmap,YES
SM-CJFOJ,0,0,33,33,rosmap,YES
SM-CJFOK,0,0,33,33,rosmap,YES
SM-CJFOL,0,1,23,23,rosmap,YES
SM-CJFOM,1,0,34,34,rosmap,YES
SM-CJFON,0,0,33,33,rosmap,YES
SM-CJFOO,0,0,33,33,rosmap,YES
SM-CJFOP,0,1,23,23,rosmap,YES
SM-CJFOQ,1,0,34,34,rosmap,YES
SM-CJFOR,1,0,34,34,rosmap,YES
SM-CJFOS,0,0,33,33,rosmap,YES
SM-CJFOT,0,0,33,33,rosmap,YES
SM-CJFOU,0,0,33,33,rosmap,YES
SM-CJFOV,0,0,33,33,rosmap,YES
SM-CJFOW,0,0,33,33,rosmap,YES
SM-CJFOX,0,0,33,33,rosmap,YES
SM-CJFOY,0,1,23,23,rosmap,YES
SM-CJFOZ,1,0,34,34,rosmap,YES
SM-CJFP1,0,0,33,33,rosmap,YES
SM-CJFP2,0,0,33,33,rosmap,YES
SM-CJFP3,1,0,34,34,rosmap,YES
SM-CJFP4,0,0,33,33,rosmap,YES
SM-CJFP5,0,0,33,33,rosmap,YES
SM-CJFP6,1,0,34,34,rosmap,YES
SM-CJFP7,0,0,33,33,rosmap,YES
SM-CJFP8,0,1,23,23,rosmap,YES
SM-CJFP9,0,0,33,33,rosmap,YES
SM-CJFPA,0,1,23,23,rosmap,YES
SM-CJFPB,1,0,34,34,rosmap,YES
SM-CJFPC,0,1,23,23,rosmap,YES
SM-CJFPD,0,0,33,33,rosmap,YES
SM-CJFPE,1,0,34,34,rosmap,YES
SM-CJFPF,0,0,33,33,rosmap,YES
SM-CJFPG,0,1,23,23,rosmap,YES
SM-CJFPH,0,0,33,33,rosmap,YES
SM-CJFPI,0,0,33,33,rosmap,YES
SM-CJFPJ,0,1,23,23,rosmap,YES
SM-CJFPK,0,0,33,33,rosmap,YES
SM-CJGGK,0,0,33,33,rosmap,YES
SM-CJGGL,0,0,33,33,rosmap,YES
SM-CJGGM,0,0,33,33,rosmap,YES
SM-CJGGN,0,0,33,33,rosmap,YES
SM-CJGGO,0,0,33,33,rosmap,YES
SM-CJGGP,1,0,34,34,rosmap,YES
SM-CJGGQ,0,0,33,33,rosmap,YES
SM-CJGGR,0,2,22,22,rosmap,YES
SM-CJGGS,0,0,33,33,rosmap,YES
SM-CJGGT,0,1,23,23,rosmap,YES
SM-CJGGU,0,0,33,33,rosmap,YES
SM-CJGGV,0,0,33,33,rosmap,YES
SM-CJGGW,0,0,33,33,rosmap,YES
SM-CJGGX,1,1,24,24,rosmap,YES
SM-CJGGY,0,0,33,33,rosmap,YES
SM-CJGGZ,0,0,33,33,rosmap,YES
SM-CJGH1,1,0,34,34,rosmap,YES
SM-CJGH2,0,0,33,33,rosmap,YES
SM-CJGH3,0,0,33,33,rosmap,YES
SM-CJGH4,0,1,23,23,rosmap,YES
SM-CJGH5,0,1,23,23,rosmap,YES
SM-CJGH6,0,0,33,33,rosmap,YES
SM-CJGH7,0,0,33,33,rosmap,YES
SM-CJGH8,1,0,34,34,rosmap,YES
SM-CJGH9,1,0,34,34,rosmap,YES
SM-CJGHA,0,0,33,33,rosmap,YES
SM-CJGHB,0,0,33,33,rosmap,YES
SM-CJGHC,2,0,44,44,rosmap,YES
SM-CJGHD,0,0,33,33,rosmap,YES
SM-CJGHE,0,0,33,33,rosmap,YES
SM-CJGHF,0,0,33,33,rosmap,YES
SM-CJGHG,0,0,33,33,rosmap,YES
SM-CJGHH,0,0,33,33,rosmap,YES
SM-CJGHI,0,0,33,33,rosmap,YES
SM-CJGHJ,0,0,33,33,rosmap,YES
SM-CJGHK,1,0,34,34,rosmap,YES
SM-CJGHL,0,0,33,33,rosmap,YES
SM-CJGHM,0,1,23,23,rosmap,YES
SM-CJGHN,1,0,34,34,rosmap,YES
SM-CJGHO,1,0,34,34,rosmap,YES
SM-CJGHP,0,0,33,33,rosmap,YES
SM-CJGHQ,1,0,34,34,rosmap,YES
SM-CJGHR,1,0,34,34,rosmap,YES
SM-CJGHS,0,0,33,33,rosmap,YES
SM-CJGHT,0,0,33,33,rosmap,YES
SM-CJGHU,0,0,33,33,rosmap,YES
SM-CJGHV,1,0,34,34,rosmap,YES
SM-CJGHW,0,0,33,33,rosmap,YES
SM-CJGHX,0,0,33,33,rosmap,YES
SM-CJGHY,1,1,24,24,rosmap,YES
SM-CJGHZ,0,0,33,33,rosmap,YES
SM-CJGI1,0,0,33,33,rosmap,YES
SM-CJGI2,1,0,34,34,rosmap,YES
SM-CJGI4,0,0,33,33,rosmap,YES
SM-CJGI5,0,0,33,33,rosmap,YES
SM-CJGI6,1,0,34,34,rosmap,YES
SM-CJGI8,0,1,23,23,rosmap,YES
SM-CJGI9,0,0,33,33,rosmap,YES
SM-CJGIA,1,0,34,34,rosmap,YES
SM-CJGIB,1,1,24,24,rosmap,YES
SM-CJGIC,1,0,34,34,rosmap,YES
SM-CJGID,0,1,23,23,rosmap,YES
SM-CJGIE,0,1,23,23,rosmap,YES
SM-CJGIF,0,0,33,33,rosmap,YES
SM-CJGIG,0,0,33,33,rosmap,YES
SM-CJGIH,1,0,34,34,rosmap,YES
SM-CJGII,1,1,24,24,rosmap,YES
SM-CJGIJ,0,0,33,33,rosmap,YES
SM-CJGIK,0,0,33,33,rosmap,YES
SM-CJGIL,0,0,33,33,rosmap,YES
SM-CJGIM,0,0,33,33,rosmap,YES
SM-CJGIN,0,0,33,33,rosmap,YES
SM-CJGIP,1,0,34,34,rosmap,YES
SM-CJGIQ,0,1,23,23,rosmap,YES
SM-CJGIR,0,0,33,33,rosmap,YES
SM-CJGIS,0,0,33,33,rosmap,YES
SM-CJGIT,0,1,23,23,rosmap,YES
SM-CJGIU,0,0,33,33,rosmap,YES
SM-CJGIV,2,0,44,44,rosmap,YES
SM-CJGIW,0,0,33,33,rosmap,YES
SM-CJGIX,0,0,33,33,rosmap,YES
SM-CJGIY,0,2,22,22,rosmap,YES
SM-CJGIZ,0,0,33,33,rosmap,YES
SM-CJGJ1,1,0,34,34,rosmap,YES
SM-CJGJ2,1,0,34,34,rosmap,YES
SM-CJGJ3,0,0,33,33,rosmap,YES
SM-CJGJ4,1,0,34,34,rosmap,YES
SM-CJGJ5,0,0,33,33,rosmap,YES
SM-CJGJ7,1,0,34,34,rosmap,YES
SM-CJGJ8,1,0,34,34,rosmap,YES
SM-CJGJ9,0,1,23,23,rosmap,YES
SM-CJGJA,0,0,33,33,rosmap,YES
SM-CJGLD,0,0,33,33,rosmap,YES
SM-CJGLE,0,0,33,33,rosmap,YES
SM-CJGLF,0,0,33,33,rosmap,YES
SM-CJGLG,0,0,33,33,rosmap,YES
SM-CJGLH,0,1,23,23,rosmap,YES
SM-CJGLI,1,0,34,34,rosmap,YES
SM-CJGLJ,0,0,33,33,rosmap,YES
SM-CJGLK,0,1,23,23,rosmap,YES
SM-CJGLM,0,0,33,33,rosmap,YES
SM-CJGLP,0,0,33,33,rosmap,YES
SM-CJGLQ,1,0,34,34,rosmap,YES
SM-CJGLR,1,0,34,34,rosmap,YES
SM-CJGLS,1,0,34,34,rosmap,YES
SM-CJGLT,0,0,33,33,rosmap,YES
SM-CJGLU,0,0,33,33,rosmap,YES
SM-CJGLV,0,0,33,33,rosmap,YES
SM-CJGLW,1,0,34,34,rosmap,YES
SM-CJGLX,0,0,33,33,rosmap,YES
SM-CJGLY,0,2,22,22,rosmap,YES
SM-CJGLZ,0,0,33,33,rosmap,YES
SM-CJGM2,0,0,33,33,rosmap,YES
SM-CJGM3,0,1,23,23,rosmap,YES
SM-CJGM4,0,0,33,33,rosmap,YES
SM-CJGM5,0,0,33,33,rosmap,YES
SM-CJGM6,1,0,34,34,rosmap,YES
SM-CJGM7,0,0,33,33,rosmap,YES
SM-CJGM8,0,0,33,33,rosmap,YES
SM-CJGM9,0,0,33,33,rosmap,YES
SM-CJGMA,0,0,33,33,rosmap,YES
SM-CJGMC,0,0,33,33,rosmap,YES
SM-CJGMD,0,0,33,33,rosmap,YES
SM-CJGMG,0,0,33,33,rosmap,YES
SM-CJGMH,0,1,23,23,rosmap,YES
SM-CJGMI,0,0,33,33,rosmap,YES
SM-CJGMJ,0,0,33,33,rosmap,YES
SM-CJGMK,0,0,33,33,rosmap,YES
SM-CJGML,1,0,34,34,rosmap,YES
SM-CJGMM,0,0,33,33,rosmap,YES
SM-CJGMN,0,0,33,33,rosmap,YES
SM-CJGMO,0,0,33,33,rosmap,YES
SM-CJGMP,1,0,34,34,rosmap,YES
SM-CJGMQ,0,0,33,33,rosmap,YES
SM-CJGMR,0,0,33,33,rosmap,YES
SM-CJGMS,0,0,33,33,rosmap,YES
SM-CJGMT,1,0,34,34,rosmap,YES
SM-CJGMU,0,0,33,33,rosmap,YES
SM-CJGMV,0,0,33,33,rosmap,YES
SM-CJGMX,0,0,33,33,rosmap,YES
SM-CJGMY,1,0,34,34,rosmap,YES
SM-CJGMZ,0,0,33,33,rosmap,YES
SM-CJGN1,1,0,34,34,rosmap,YES
SM-CJGN2,1,0,34,34,rosmap,YES
SM-CJGN3,0,0,33,33,rosmap,YES
SM-CJGN4,0,0,33,33,rosmap,YES
SM-CJGN5,0,0,33,33,rosmap,YES
SM-CJGN6,1,0,34,34,rosmap,YES
SM-CJGN7,1,0,34,34,rosmap,YES
SM-CJGN9,1,0,34,34,rosmap,YES
SM-CJGNB,0,0,33,33,rosmap,YES
SM-CJGNC,0,1,23,23,rosmap,YES
SM-CJGND,1,0,34,34,rosmap,YES
SM-CJGNE,0,0,33,33,rosmap,YES
SM-CJGNF,0,0,33,33,rosmap,YES
SM-CJGNG,0,1,23,23,rosmap,YES
SM-CJGNH,1,0,34,34,rosmap,YES
SM-CJGNI,1,0,34,23,rosmap,NO
SM-CJGNJ,0,1,23,23,rosmap,YES
SM-CJGNK,0,0,33,33,rosmap,YES
SM-CJGNL,0,1,23,23,rosmap,YES
SM-CJGNM,0,0,33,33,rosmap,YES
SM-CJGNN,0,0,33,33,rosmap,YES
SM-CJGNO,0,0,33,33,rosmap,YES
SM-CJGNP,0,0,33,33,rosmap,YES
SM-CJGNQ,0,0,33,33,rosmap,YES
SM-CJGNS,0,1,23,23,rosmap,YES
SM-CJGNT,1,0,34,34,rosmap,YES
SM-CJGNU,0,1,23,23,rosmap,YES
SM-CJGNX,0,0,33,33,rosmap,YES
SM-CJGNZ,0,0,33,33,rosmap,YES
SM-CJGO1,1,0,34,34,rosmap,YES
SM-CJGO2,0,1,23,23,rosmap,YES
SM-CJGO3,1,0,34,34,rosmap,YES
SM-CJIWR,1,0,34,34,rosmap,YES
SM-CJIWS,1,0,34,34,rosmap,YES
SM-CJIWT,0,1,23,23,rosmap,YES
SM-CJIWU,0,0,33,33,rosmap,YES
SM-CJIWV,1,0,34,34,rosmap,YES
SM-CJIWW,0,1,23,23,rosmap,YES
SM-CJIWX,1,1,24,24,rosmap,YES
SM-CJIWY,1,0,34,34,rosmap,YES
SM-CJIX1,0,0,33,33,rosmap,YES
SM-CJIX2,1,0,34,34,rosmap,YES
SM-CJIX3,0,0,33,33,rosmap,YES
SM-CJIX4,0,0,33,34,rosmap,NO
SM-CJIX5,0,0,33,33,rosmap,YES
SM-CJIX6,0,0,33,33,rosmap,YES
SM-CJIX8,1,0,34,34,rosmap,YES
SM-CJIX9,1,0,34,34,rosmap,YES
SM-CJIXA,0,0,33,33,rosmap,YES
SM-CJIXB,0,0,33,33,rosmap,YES
SM-CJIXC,1,0,34,34,rosmap,YES
SM-CJIXD,0,0,33,33,rosmap,YES
SM-CJIXE,1,0,34,34,rosmap,YES
SM-CJIXG,0,0,33,33,rosmap,YES
SM-CJIXH,1,0,34,34,rosmap,YES
SM-CJIXI,0,0,33,33,rosmap,YES
SM-CJIXJ,0,0,33,33,rosmap,YES
SM-CJIXK,0,0,33,33,rosmap,YES
SM-CJIXL,1,0,34,34,rosmap,YES
SM-CJIXM,0,0,33,33,rosmap,YES
SM-CJIXO,0,1,23,23,rosmap,YES
SM-CJIXP,1,0,34,34,rosmap,YES
SM-CJIXQ,0,0,33,33,rosmap,YES
SM-CJIXR,0,0,33,33,rosmap,YES
SM-CJIXS,0,1,23,23,rosmap,YES
SM-CJIXT,0,1,23,23,rosmap,YES
SM-CJIXU,0,0,33,33,rosmap,YES
SM-CJIXV,0,0,33,33,rosmap,YES
SM-CJIXW,0,0,33,33,rosmap,YES
SM-CJIXX,1,0,34,34,rosmap,YES
SM-CJIXY,0,0,33,33,rosmap,YES
SM-CJIXZ,0,1,23,23,rosmap,YES
SM-CJIY1,0,0,33,33,rosmap,YES
SM-CJIY2,1,0,34,34,rosmap,YES
SM-CJIY3,0,0,33,33,rosmap,YES
SM-CJIY4,0,0,33,33,rosmap,YES
SM-CJIY5,0,1,23,23,rosmap,YES
SM-CJIY6,0,0,33,33,rosmap,YES
SM-CJIY7,1,0,34,34,rosmap,YES
SM-CJIY8,0,0,33,33,rosmap,YES
SM-CJIY9,0,0,33,33,rosmap,YES
SM-CJIYA,1,0,34,34,rosmap,YES
SM-CJIYB,0,0,33,33,rosmap,YES
SM-CJIYC,0,1,23,23,rosmap,YES
SM-CJIYD,0,0,33,33,rosmap,YES
SM-CJIYE,0,0,33,33,rosmap,YES
SM-CJIYF,0,0,33,33,rosmap,YES
SM-CJIYG,0,0,33,33,rosmap,YES
SM-CJIYH,0,0,33,33,rosmap,YES
SM-CJIYI,0,0,33,33,rosmap,YES
SM-CJIYJ,0,0,33,33,rosmap,YES
SM-CJIYK,0,1,23,23,rosmap,YES
SM-CJIYL,0,0,33,33,rosmap,YES
SM-CJIYM,1,0,34,34,rosmap,YES
SM-CJIYN,0,0,33,33,rosmap,YES
SM-CJIYP,1,0,34,34,rosmap,YES
SM-CJIYQ,0,0,33,33,rosmap,YES
SM-CJIYR,0,0,33,33,rosmap,YES
SM-CJIYU,1,0,34,34,rosmap,YES
SM-CJIYV,0,0,33,33,rosmap,YES
SM-CJIYW,0,0,33,33,rosmap,YES
SM-CJIYX,1,0,34,34,rosmap,YES
SM-CJIYY,0,0,33,33,rosmap,YES
SM-CJIYZ,1,0,34,34,rosmap,YES
SM-CJIZ1,0,0,33,33,rosmap,YES
SM-CJIZ4,0,0,33,33,rosmap,YES
SM-CJIZ5,1,0,34,34,rosmap,YES
SM-CJIZ8,1,1,24,24,rosmap,YES
SM-CJIZD,0,0,33,33,rosmap,YES
SM-CJIZF,0,0,33,33,rosmap,YES
SM-CJIZG,2,0,44,44,rosmap,YES
SM-CJIZH,0,0,33,33,rosmap,YES
SM-CJIZI,0,0,33,33,rosmap,YES
SM-CJIZJ,0,0,33,33,rosmap,YES
SM-CJIZK,0,0,33,33,rosmap,YES
SM-CJIZL,0,2,22,22,rosmap,YES
SM-CJIZM,0,0,33,33,rosmap,YES
SM-CJIZO,0,0,33,33,rosmap,YES
SM-CJIZP,0,0,33,33,rosmap,YES
SM-CJIZQ,0,0,33,33,rosmap,YES
SM-CJIZR,0,0,33,33,rosmap,YES
SM-CJIZS,0,1,23,23,rosmap,YES
SM-CJIZT,0,0,33,33,rosmap,YES
SM-CJIZV,0,1,23,23,rosmap,YES
SM-CJIZX,2,0,44,44,rosmap,YES
SM-CJIZY,0,0,33,33,rosmap,YES
SM-CJIZZ,0,1,23,23,rosmap,YES
SM-CJJ11,0,0,33,33,rosmap,YES
SM-CJJ12,1,0,34,34,rosmap,YES
SM-CJJ13,0,0,33,33,rosmap,YES
SM-CJJ14,0,1,23,23,rosmap,YES
SM-CJJ15,2,0,44,44,rosmap,YES
SM-CJJ16,0,0,33,33,rosmap,YES
SM-CJJ17,0,0,33,33,rosmap,YES
SM-CJJ18,0,0,33,33,rosmap,YES
SM-CJJ19,1,0,34,34,rosmap,YES
SM-CJJ1A,0,1,23,23,rosmap,YES
SM-CJJ1B,0,1,23,23,rosmap,YES
SM-CJJ1C,0,0,33,33,rosmap,YES
SM-CJJ1D,0,0,33,33,rosmap,YES
SM-CJJ1E,0,0,33,33,rosmap,YES
SM-CJJ1F,0,0,33,33,rosmap,YES
SM-CJJ1G,0,0,33,33,rosmap,YES
SM-CJJ1H,1,0,34,34,rosmap,YES
SM-CJJ1I,0,0,33,33,rosmap,YES
SM-CJJ1J,0,0,33,33,rosmap,YES
SM-CJJ1K,0,0,33,33,rosmap,YES
SM-CJJ1L,0,1,23,23,rosmap,YES
SM-CJJ1M,0,0,33,23,rosmap,NO
SM-CJJ1N,0,0,33,33,rosmap,YES
SM-CJJ1O,1,0,34,34,rosmap,YES
SM-CJJ1P,0,0,33,33,rosmap,YES
SM-CJJ1Q,0,0,33,33,rosmap,YES
SM-CJJ1R,0,0,33,33,rosmap,YES
SM-CJJ1S,0,1,23,23,rosmap,YES
SM-CJJ1T,0,0,33,33,rosmap,YES
SM-CJJ1U,0,0,33,33,rosmap,YES
SM-CJJ1W,1,0,34,34,rosmap,YES
SM-CJJ1X,2,0,44,44,rosmap,YES
SM-CJJ1Y,0,0,33,33,rosmap,YES
SM-CJJ1Z,0,0,33,33,rosmap,YES
SM-CJJ21,0,0,33,33,rosmap,YES
SM-CJJ22,1,0,34,34,rosmap,YES
SM-CJJ23,1,0,34,34,rosmap,YES
SM-CJJ24,0,0,33,33,rosmap,YES
SM-CJJ25,0,0,33,33,rosmap,YES
SM-CJJ26,0,0,33,33,rosmap,YES
SM-CJJ27,1,0,34,34,rosmap,YES
SM-CJJ28,0,1,23,23,rosmap,YES
SM-CJJ29,0,1,23,23,rosmap,YES
SM-CJJ2A,0,0,33,33,rosmap,YES
SM-CJJ2B,0,0,33,33,rosmap,YES
SM-CJJ2D,1,0,34,34,rosmap,YES
SM-CJJ2E,0,0,33,33,rosmap,YES
SM-CJJ2F,0,0,33,33,rosmap,YES
SM-CJJ2G,1,0,34,34,rosmap,YES
SM-CJJ2H,0,0,33,33,rosmap,YES
SM-CJJ2I,0,0,33,33,rosmap,YES
SM-CJJ2J,1,1,24,24,rosmap,YES
SM-CJJ2K,0,0,33,33,rosmap,YES
SM-CJJ2M,0,1,23,23,rosmap,YES
SM-CJJ2N,0,0,33,33,rosmap,YES
SM-CJJ2O,0,0,33,33,rosmap,YES
SM-CJJ2P,0,0,33,33,rosmap,YES
SM-CJJ2Q,0,0,33,33,rosmap,YES
SM-CJJ2R,0,0,33,33,rosmap,YES
SM-CJJ2S,0,1,23,23,rosmap,YES
SM-CJJ2T,0,0,33,33,rosmap,YES
SM-CJJ2U,1,0,34,34,rosmap,YES
SM-CJJ2V,0,0,33,33,rosmap,YES
SM-CJJ2X,1,0,34,34,rosmap,YES
SM-CJJ2Z,1,0,34,34,rosmap,YES
SM-CJJ31,0,0,33,33,rosmap,YES
SM-CJJ32,0,0,33,33,rosmap,YES
SM-CJJ33,0,0,33,33,rosmap,YES
SM-CJJ34,1,0,34,34,rosmap,YES
SM-CJJ35,2,0,44,44,rosmap,YES
SM-CJJ38,0,1,23,23,rosmap,YES
SM-CJK3B,0,0,33,33,rosmap,YES
SM-CJK3C,0,0,33,33,rosmap,YES
SM-CJK3D,0,1,23,23,rosmap,YES
SM-CJK3E,0,0,33,33,rosmap,YES
SM-CJK3F,1,1,24,24,rosmap,YES
SM-CJK3G,0,0,33,33,rosmap,YES
SM-CJK3I,0,1,23,23,rosmap,YES
SM-CJK3J,1,0,34,34,rosmap,YES
SM-CJK3K,0,0,33,33,rosmap,YES
SM-CJK3L,1,0,34,34,rosmap,YES
SM-CJK3O,0,0,33,33,rosmap,YES
SM-CJK3P,0,0,33,33,rosmap,YES
SM-CJK3R,1,0,34,34,rosmap,YES
SM-CJK3S,0,0,33,33,rosmap,YES
SM-CJK3T,0,1,23,23,rosmap,YES
SM-CJK3V,1,0,34,34,rosmap,YES
SM-CJK3W,0,0,33,33,rosmap,YES
SM-CJK3X,1,0,34,34,rosmap,YES
SM-CJK3Y,0,1,23,23,rosmap,YES
SM-CJK3Z,0,0,33,33,rosmap,YES
SM-CJK41,1,0,34,34,rosmap,YES
SM-CJK42,0,0,33,33,rosmap,YES
SM-CJK43,1,0,34,33,rosmap,NO
SM-CJK44,0,0,33,33,rosmap,YES
SM-CJK45,1,0,34,34,rosmap,YES
SM-CJK46,0,0,33,33,rosmap,YES
SM-CJK47,0,0,33,33,rosmap,YES
SM-CJK48,0,0,33,33,rosmap,YES
SM-CJK49,1,0,34,34,rosmap,YES
SM-CJK4A,1,0,34,34,rosmap,YES
SM-CJK4C,0,1,23,23,rosmap,YES
SM-CJK4G,0,0,33,33,rosmap,YES
SM-CJK4H,0,0,33,33,rosmap,YES
SM-CJK4I,1,0,34,34,rosmap,YES
SM-CJK4J,0,0,33,33,rosmap,YES
SM-CJK4L,0,0,33,33,rosmap,YES
SM-CJK4M,0,0,33,33,rosmap,YES
SM-CJK4N,0,0,33,33,rosmap,YES
SM-CJK4O,0,0,33,33,rosmap,YES
SM-CJK4P,0,1,23,23,rosmap,YES
SM-CJK4Q,0,1,23,23,rosmap,YES
SM-CJK4R,0,1,23,23,rosmap,YES
SM-CJK4S,0,1,23,23,rosmap,YES
SM-CJK4T,1,0,34,34,rosmap,YES
SM-CJK4U,0,1,23,23,rosmap,YES
SM-CJK4V,0,0,33,33,rosmap,YES
SM-CJK4W,0,0,33,33,rosmap,YES
SM-CJK4X,1,0,34,34,rosmap,YES
SM-CJK4Y,0,0,33,33,rosmap,YES
SM-CJK4Z,0,0,33,33,rosmap,YES
SM-CJK51,1,0,34,34,rosmap,YES
SM-CJK52,0,0,33,33,rosmap,YES
SM-CJK53,1,0,34,34,rosmap,YES
SM-CJK54,1,0,34,34,rosmap,YES
SM-CJK55,0,0,33,33,rosmap,YES
SM-CJK56,1,0,34,34,rosmap,YES
SM-CJK57,0,0,33,33,rosmap,YES
SM-CJK58,1,0,34,34,rosmap,YES
SM-CJK59,0,0,33,33,rosmap,YES
SM-CJK5A,0,0,33,33,rosmap,YES
SM-CJK5B,0,1,23,23,rosmap,YES
SM-CJK5C,0,1,23,23,rosmap,YES
SM-CJK5D,0,0,33,33,rosmap,YES
SM-CJK5E,1,0,34,34,rosmap,YES
SM-CJK5F,0,0,33,33,rosmap,YES
SM-CJK5G,0,1,23,23,rosmap,YES
SM-CJK5H,1,0,34,34,rosmap,YES
SM-CJK5I,0,1,23,23,rosmap,YES
SM-CJK5J,0,0,33,33,rosmap,YES
SM-CJK5K,0,0,33,33,rosmap,YES
SM-CJK5L,2,0,44,44,rosmap,YES
SM-CJK5N,0,0,33,33,rosmap,YES
SM-CJK5P,0,0,33,33,rosmap,YES
SM-CJK5Q,0,0,33,33,rosmap,YES
SM-CTDQE,0,0,33,33,rosmap,YES
SM-CTDQF,1,1,24,24,rosmap,YES
SM-CTDQG,0,1,23,23,rosmap,YES
SM-CTDQH,1,0,34,34,rosmap,YES
SM-CTDQI,1,0,34,34,rosmap,YES
SM-CTDQJ,0,0,33,33,rosmap,YES
SM-CTDQK,0,1,23,23,rosmap,YES
SM-CTDQL,0,0,33,33,rosmap,YES
SM-CTDQM,1,0,34,34,rosmap,YES
SM-CTDQN,0,0,33,33,rosmap,YES
SM-CTDQO,1,0,34,34,rosmap,YES
SM-CTDQP,0,0,33,33,rosmap,YES
SM-CTDQQ,0,0,33,33,rosmap,YES
SM-CTDQR,1,0,34,34,rosmap,YES
SM-CTDQS,0,0,33,33,rosmap,YES
SM-CTDQT,1,0,34,34,rosmap,YES
SM-CTDQU,0,1,23,23,rosmap,YES
SM-CTDQV,1,0,34,34,rosmap,YES
SM-CTDQW,1,0,34,34,rosmap,YES
SM-CTDQX,0,0,33,33,rosmap,YES
SM-CTDQY,0,0,33,33,rosmap,YES
SM-CTDQZ,0,0,33,33,rosmap,YES
SM-CTDR1,0,0,33,33,rosmap,YES
SM-CTDR2,1,0,34,34,rosmap,YES
SM-CTDR3,1,0,34,34,rosmap,YES
SM-CTDR4,0,0,33,33,rosmap,YES
SM-CTDR5,0,0,33,33,rosmap,YES
SM-CTDR6,1,0,34,34,rosmap,YES
SM-CTDR7,0,0,33,33,rosmap,YES
SM-CTDR8,0,0,33,33,rosmap,YES
SM-CTDR9,0,0,33,33,rosmap,YES
SM-CTDRA,1,0,34,34,rosmap,YES
SM-CTDRB,0,0,33,33,rosmap,YES
SM-CTDRC,0,0,33,33,rosmap,YES
SM-CTDRD,0,0,33,33,rosmap,YES
SM-CTDRE,0,0,33,33,rosmap,YES
SM-CTDRF,0,0,33,33,rosmap,YES
SM-CTDRG,1,0,34,34,rosmap,YES
SM-CTDRH,0,0,33,33,rosmap,YES
SM-CTDRI,1,0,34,34,rosmap,YES
SM-CTDRJ,0,0,33,33,rosmap,YES
SM-CTDRK,0,0,33,33,rosmap,YES
SM-CTDRL,1,0,34,34,rosmap,YES
SM-CTDRM,1,0,34,34,rosmap,YES
SM-CTDRN,0,0,33,33,rosmap,YES
SM-CTDRO,0,1,23,23,rosmap,YES
SM-CTDRP,0,0,33,33,rosmap,YES
SM-CTDRQ,0,0,33,33,rosmap,YES
SM-CTDRR,1,0,34,34,rosmap,YES
SM-CTDRS,0,0,33,33,rosmap,YES
SM-CTDRT,0,0,33,33,rosmap,YES
SM-CTDRU,0,0,33,33,rosmap,YES
SM-CTDRV,0,0,33,33,rosmap,YES
SM-CTDRW,0,1,23,23,rosmap,YES
SM-CTDRX,0,0,33,33,rosmap,YES
SM-CTDRY,0,1,23,23,rosmap,YES
SM-CTDRZ,1,0,34,34,rosmap,YES
SM-CTDS1,0,1,23,23,rosmap,YES
SM-CTDS2,0,0,33,33,rosmap,YES
SM-CTDS3,0,0,33,33,rosmap,YES
SM-CTDS4,0,0,33,33,rosmap,YES
SM-CTDS5,0,0,33,33,rosmap,YES
SM-CTDS6,0,0,33,33,rosmap,YES
SM-CTDS7,1,0,34,34,rosmap,YES
SM-CTDS8,0,0,33,33,rosmap,YES
SM-CTDS9,0,1,23,23,rosmap,YES
SM-CTDSA,0,0,33,33,rosmap,YES
SM-CTDSB,0,1,23,23,rosmap,YES
SM-CTDSC,0,1,23,23,rosmap,YES
SM-CTDSD,0,0,33,33,rosmap,YES
SM-CTDSF,0,0,33,33,rosmap,YES
SM-CTDSG,0,0,33,33,rosmap,YES
SM-CTDSH,1,0,34,34,rosmap,YES
SM-CTDSI,0,0,33,33,rosmap,YES
SM-CTDSJ,2,0,44,44,rosmap,YES
SM-CTDSK,0,0,33,33,rosmap,YES
SM-CTDSL,0,1,23,23,rosmap,YES
SM-CTDSM,0,1,23,23,rosmap,YES
SM-CTDSN,0,0,33,33,rosmap,YES
SM-CTDSO,0,1,23,23,rosmap,YES
SM-CTDSP,1,0,34,34,rosmap,YES
SM-CTDSR,0,1,23,23,rosmap,YES
SM-CTDSS,0,0,33,33,rosmap,YES
SM-CTDST,0,0,33,33,rosmap,YES
SM-CTDSU,0,0,33,33,rosmap,YES
SM-CTDSV,0,1,23,23,rosmap,YES
SM-CTDSW,0,0,33,33,rosmap,YES
SM-CTDSX,0,0,33,33,rosmap,YES
SM-CTDSY,0,0,33,33,rosmap,YES
SM-CTDSZ,0,0,33,33,rosmap,YES
SM-CTDT1,0,1,23,23,rosmap,YES
SM-CTDT2,1,0,34,34,rosmap,YES
SM-CTDT3,0,0,33,33,rosmap,YES
SM-CTDT4,0,0,33,33,rosmap,YES
SM-CTDT5,1,0,34,34,rosmap,YES
SM-CTDT6,1,0,34,34,rosmap,YES
SM-CTDT7,0,0,33,33,rosmap,YES
SM-CTDT8,0,1,23,23,rosmap,YES
SM-CTDT9,1,0,34,34,rosmap,YES
SM-CTDTA,1,0,34,34,rosmap,YES
SM-CTDTB,0,0,33,33,rosmap,YES
SM-CTDTD,1,0,34,34,rosmap,YES
SM-CTDTE,0,0,33,33,rosmap,YES
SM-CTDTF,1,0,34,34,rosmap,YES
SM-CTDTG,0,0,33,33,rosmap,YES
SM-CTDTH,0,0,33,33,rosmap,YES
SM-CTDTI,0,0,33,23,rosmap,NO
SM-CTDTJ,0,1,23,23,rosmap,YES
SM-CTDTK,0,0,33,33,rosmap,YES
SM-CTDTL,0,0,33,33,rosmap,YES
SM-CTDTM,0,0,33,33,rosmap,YES
SM-CTDTN,1,0,34,34,rosmap,YES
SM-CTDTO,0,0,33,33,rosmap,YES
SM-CTDTP,0,0,33,33,rosmap,YES
SM-CTDTQ,0,0,33,33,rosmap,YES
SM-CTDTR,0,0,33,33,rosmap,YES
SM-CTDTS,0,1,23,23,rosmap,YES
SM-CTDTT,0,1,23,23,rosmap,YES
SM-CTDTV,0,0,33,33,rosmap,YES
SM-CTDTW,0,0,33,33,rosmap,YES
SM-CTDTX,0,0,33,33,rosmap,YES
SM-CTDTY,0,0,33,33,rosmap,YES
SM-CTDTZ,1,0,34,34,rosmap,YES
SM-CTDU1,1,0,34,34,rosmap,YES
SM-CTDU2,0,2,22,22,rosmap,YES
SM-CTDU4,1,0,34,34,rosmap,YES
SM-CTDU5,0,0,33,33,rosmap,YES
SM-CTDU6,0,0,33,33,rosmap,YES
SM-CTDU7,1,0,34,34,rosmap,YES
SM-CTDU8,0,1,23,23,rosmap,YES
SM-CTDU9,1,0,34,34,rosmap,YES
SM-CTDUA,0,0,33,33,rosmap,YES
SM-CTDUB,1,0,34,34,rosmap,YES
SM-CTDUC,0,0,33,33,rosmap,YES
SM-CTDUD,0,1,23,23,rosmap,YES
SM-CTDUE,0,1,23,NA,rosmap,NA
SM-CTDUF,0,0,33,33,rosmap,YES
SM-CTDUG,0,0,33,NA,rosmap,NA
SM-CTDUH,1,0,34,34,rosmap,YES
SM-CTDUI,0,1,23,23,rosmap,YES
SM-CTDUJ,0,0,33,33,rosmap,YES
SM-CTDUK,0,0,33,33,rosmap,YES
SM-CTDUL,0,0,33,33,rosmap,YES
SM-CTDUM,0,0,33,33,rosmap,YES
SM-CTDUN,0,0,33,33,rosmap,YES
SM-CTDUO,0,0,33,NA,rosmap,NA
SM-CTDUP,1,0,34,34,rosmap,YES
SM-CTDUQ,1,0,34,34,rosmap,YES
SM-CTDUR,0,0,33,33,rosmap,YES
SM-CTDUS,0,0,33,33,rosmap,YES
SM-CTDUT,0,0,33,33,rosmap,YES
SM-CTDUU,1,0,34,34,rosmap,YES
SM-CTDUV,0,0,33,33,rosmap,YES
SM-CTDUW,1,0,34,34,rosmap,YES
SM-CTDUX,0,0,33,33,rosmap,YES
SM-CTDUY,1,0,34,34,rosmap,YES
SM-CTDUZ,0,0,33,33,rosmap,YES
SM-CTDV1,0,0,33,33,rosmap,YES
SM-CTDV2,1,0,34,34,rosmap,YES
SM-CTDV3,2,0,44,44,rosmap,YES
SM-CTDV4,0,0,33,33,rosmap,YES
SM-CTDV5,0,0,33,33,rosmap,YES
SM-CTDV6,1,0,34,34,rosmap,YES
SM-CTDV7,0,0,33,33,rosmap,YES
SM-CTDV8,1,0,34,34,rosmap,YES
SM-CTDV9,0,0,33,33,rosmap,YES
SM-CTDVA,0,0,33,33,rosmap,YES
SM-CTDVB,0,0,33,33,rosmap,YES
SM-CTDVC,1,0,34,NA,rosmap,NA
SM-CTDVD,1,0,34,34,rosmap,YES
SM-CTDVE,0,1,23,23,rosmap,YES
SM-CTDVF,0,0,33,33,rosmap,YES
SM-CTDVG,0,0,33,33,rosmap,YES
SM-CTDVH,2,0,44,NA,rosmap,NA
SM-CTDVI,0,0,33,33,rosmap,YES
SM-CTDVJ,0,0,33,33,rosmap,YES
SM-CTDVK,0,0,33,33,rosmap,YES
SM-CTDVL,0,0,33,33,rosmap,YES
SM-CTDVM,0,0,33,33,rosmap,YES
SM-CTDVN,1,0,34,34,rosmap,YES
SM-CTDVO,0,1,23,23,rosmap,YES
SM-CTDVP,0,0,33,NA,rosmap,NA
SM-CTDVR,0,0,33,34,rosmap,NO
SM-CTDVS,0,0,33,33,rosmap,YES
SM-CTECE,0,0,33,33,rosmap,YES
SM-CTECF,0,0,33,33,rosmap,YES
SM-CTECG,0,0,33,33,rosmap,YES
SM-CTECH,0,0,33,33,rosmap,YES
SM-CTECI,0,0,33,33,rosmap,YES
SM-CTECL,0,0,33,33,rosmap,YES
SM-CTECN,1,0,34,34,rosmap,YES
SM-CTECO,0,0,33,33,rosmap,YES
SM-CTECP,0,1,23,23,rosmap,YES
SM-CTECQ,0,0,33,33,rosmap,YES
SM-CTECR,0,0,33,33,rosmap,YES
SM-CTECS,0,0,33,33,rosmap,YES
SM-CTECT,1,0,34,34,rosmap,YES
SM-CTECU,1,0,34,34,rosmap,YES
SM-CTECV,0,0,33,33,rosmap,YES
SM-CTECW,0,0,33,33,rosmap,YES
SM-CTECX,1,0,34,34,rosmap,YES
SM-CTECY,0,0,33,33,rosmap,YES
SM-CTECZ,1,0,34,34,rosmap,YES
SM-CTED1,0,0,33,33,rosmap,YES
SM-CTED2,1,0,34,34,rosmap,YES
SM-CTED3,0,0,33,33,rosmap,YES
SM-CTED4,0,0,33,33,rosmap,YES
SM-CTED5,0,0,33,33,rosmap,YES
SM-CTED6,0,1,23,23,rosmap,YES
SM-CTED7,0,0,33,33,rosmap,YES
SM-CTED8,0,0,33,33,rosmap,YES
SM-CTED9,0,0,33,33,rosmap,YES
SM-CTEDA,0,0,33,33,rosmap,YES
SM-CTEDB,0,0,33,33,rosmap,YES
SM-CTEDC,0,1,23,23,rosmap,YES
SM-CTEDD,1,0,34,33,rosmap,NO
SM-CTEDE,1,0,34,34,rosmap,YES
SM-CTEDF,0,0,33,33,rosmap,YES
SM-CTEDG,1,0,34,34,rosmap,YES
SM-CTEDH,0,1,23,23,rosmap,YES
SM-CTEDK,0,0,33,33,rosmap,YES
SM-CTEDL,0,0,33,33,rosmap,YES
SM-CTEDM,0,0,33,33,rosmap,YES
SM-CTEDN,0,0,33,33,rosmap,YES
SM-CTEDO,0,0,33,33,rosmap,YES
SM-CTEDP,0,1,23,23,rosmap,YES
SM-CTEDQ,0,1,23,23,rosmap,YES
SM-CTEDR,1,0,34,34,rosmap,YES
SM-CTEDS,0,0,33,33,rosmap,YES
SM-CTEDU,0,0,33,33,rosmap,YES
SM-CTEDW,0,0,33,33,rosmap,YES
SM-CTEDY,0,0,33,23,rosmap,NO
SM-CTEDZ,0,0,33,33,rosmap,YES
SM-CTEE2,0,0,33,33,rosmap,YES
SM-CTEE3,0,1,23,23,rosmap,YES
SM-CTEE4,1,1,24,24,rosmap,YES
SM-CTEE5,0,0,33,33,rosmap,YES
SM-CTEE6,1,1,24,24,rosmap,YES
SM-CTEE7,0,0,33,33,rosmap,YES
SM-CTEE8,0,0,33,33,rosmap,YES
SM-CTEEA,0,1,23,23,rosmap,YES
SM-CTEEB,0,0,33,33,rosmap,YES
SM-CTEEC,0,0,33,33,rosmap,YES
SM-CTEED,1,0,34,34,rosmap,YES
SM-CTEEF,1,0,34,34,rosmap,YES
SM-CTEEG,0,0,33,33,rosmap,YES
SM-CTEEH,0,1,23,23,rosmap,YES
SM-CTEEI,0,0,33,33,rosmap,YES
SM-CTEEJ,0,0,33,33,rosmap,YES
SM-CTEEK,0,0,33,33,rosmap,YES
SM-CTEEL,0,0,33,33,rosmap,YES
SM-CTEEM,0,0,33,33,rosmap,YES
SM-CTEEN,0,0,33,33,rosmap,YES
SM-CTEEO,0,0,33,33,rosmap,YES
SM-CTEEP,0,0,33,33,rosmap,YES
SM-CTEEQ,0,0,33,33,rosmap,YES
SM-CTEER,0,0,33,33,rosmap,YES
SM-CTEET,0,0,33,33,rosmap,YES
SM-CTEEU,0,0,33,33,rosmap,YES
SM-CTEEV,0,0,33,33,rosmap,YES
SM-CTEEX,1,0,34,33,rosmap,NO
SM-CTEEY,1,0,34,34,rosmap,YES
SM-CTEEZ,0,1,23,23,rosmap,YES
SM-CTEF1,0,0,33,33,rosmap,YES
SM-CTEF2,1,0,34,34,rosmap,YES
SM-CTEF3,0,0,33,33,rosmap,YES
SM-CTEF4,1,1,24,24,rosmap,YES
SM-CTEF5,1,0,34,34,rosmap,YES
SM-CTEF7,1,0,34,34,rosmap,YES
SM-CTEF8,0,1,23,23,rosmap,YES
SM-CTEF9,1,1,24,24,rosmap,YES
SM-CTEFA,0,0,33,33,rosmap,YES
SM-CTEFB,0,0,33,33,rosmap,YES
SM-CTEFC,1,0,34,34,rosmap,YES
SM-CTEFD,0,0,33,33,rosmap,YES
SM-CTEFE,0,0,33,33,rosmap,YES
SM-CTEFF,0,1,23,23,rosmap,YES
SM-CTEFG,0,0,33,33,rosmap,YES
SM-CTEFH,0,0,33,33,rosmap,YES
SM-CTEFI,0,0,33,33,rosmap,YES
SM-CTEFJ,1,0,34,34,rosmap,YES
SM-CTEFK,0,0,33,33,rosmap,YES
SM-CTEFL,0,1,23,23,rosmap,YES
SM-CTEFM,0,0,33,33,rosmap,YES
SM-CTEFN,0,0,33,33,rosmap,YES
SM-CTEFO,0,0,33,33,rosmap,YES
SM-CTEFP,0,0,33,33,rosmap,YES
SM-CTEFQ,0,0,33,33,rosmap,YES
SM-CTEFR,0,0,33,33,rosmap,YES
SM-CTEFS,1,0,34,NA,rosmap,NA
SM-CTEFT,1,0,34,34,rosmap,YES
SM-CTEFU,0,0,33,33,rosmap,YES
SM-CTEFV,0,0,33,33,rosmap,YES
SM-CTEFW,0,0,33,33,rosmap,YES
SM-CTEFX,0,0,33,33,rosmap,YES
SM-CTEFY,0,0,33,33,rosmap,YES
SM-CTEFZ,0,1,23,23,rosmap,YES
SM-CTEG1,0,0,33,33,rosmap,YES
SM-CTEG2,0,1,23,23,rosmap,YES
SM-CTEG3,1,0,34,34,rosmap,YES
SM-CTEG4,0,0,33,33,rosmap,YES
SM-CTEG5,0,0,33,33,rosmap,YES
SM-CTEG6,0,1,23,23,rosmap,YES
SM-CTEG7,0,0,33,33,rosmap,YES
SM-CTEG8,0,0,33,33,rosmap,YES
SM-CTEG9,0,0,33,33,rosmap,YES
SM-CTEGB,0,0,33,33,rosmap,YES
SM-CTEGC,1,0,34,34,rosmap,YES
SM-CTEGD,0,0,33,33,rosmap,YES
SM-CTEGE,1,0,34,34,rosmap,YES
SM-CTEGF,0,0,33,33,rosmap,YES
SM-CTEGG,0,0,33,33,rosmap,YES
SM-CTEGH,0,0,33,33,rosmap,YES
SM-CTEGI,0,0,33,33,rosmap,YES
SM-CTEGJ,0,0,33,33,rosmap,YES
SM-CTEGK,0,0,33,33,rosmap,YES
SM-CTEGL,1,0,34,34,rosmap,YES
SM-CTEGM,1,0,34,34,rosmap,YES
SM-CTEGN,0,0,33,33,rosmap,YES
SM-CTEGO,1,0,34,34,rosmap,YES
SM-CTEGP,1,0,34,34,rosmap,YES
SM-CTEGQ,0,0,33,33,rosmap,YES
SM-CTEGR,1,0,34,34,rosmap,YES
SM-CTEGS,0,0,33,33,rosmap,YES
SM-CTEGT,0,0,33,33,rosmap,YES
SM-CTEGU,0,0,33,33,rosmap,YES
SM-CTEGV,2,0,44,44,rosmap,YES
SM-CTEGW,0,0,33,33,rosmap,YES
SM-CTEGX,0,0,33,33,rosmap,YES
SM-CTEGY,0,0,33,33,rosmap,YES
SM-CTEGZ,1,0,34,34,rosmap,YES
SM-CTEI5,0,0,33,33,rosmap,YES
SM-CTEI6,0,0,33,33,rosmap,YES
SM-CTEI7,0,0,33,33,rosmap,YES
SM-CTEI8,0,0,33,33,rosmap,YES
SM-CTEI9,0,0,33,33,rosmap,YES
SM-CTEIA,0,0,33,33,rosmap,YES
SM-CTEIB,1,0,34,34,rosmap,YES
SM-CTEIC,0,0,33,33,rosmap,YES
SM-CTEID,1,0,34,34,rosmap,YES
SM-CTEIE,1,1,24,34,rosmap,NO
SM-CTEIG,0,0,33,33,rosmap,YES
SM-CTEIH,0,0,33,33,rosmap,YES
SM-CTEIJ,0,0,33,33,rosmap,YES
SM-CTEIK,0,0,33,33,rosmap,YES
SM-CTEIL,0,0,33,33,rosmap,YES
SM-CTEIO,0,1,23,23,rosmap,YES
SM-CTEIP,1,0,34,34,rosmap,YES
SM-CTEIQ,1,1,24,24,rosmap,YES
SM-CTEIR,0,0,33,33,rosmap,YES
SM-CTELS,0,0,33,33,rosmap,YES
SM-CTELT,0,0,33,33,rosmap,YES
SM-CTELU,1,0,34,34,rosmap,YES
SM-CTELV,0,0,33,33,rosmap,YES
SM-CTELW,0,0,33,NA,rosmap,NA
SM-CTELX,0,2,22,22,rosmap,YES
SM-CTELY,0,0,33,33,rosmap,YES
SM-CTELZ,0,0,33,33,rosmap,YES
SM-CTEM1,2,0,44,44,rosmap,YES
SM-CTEM2,0,0,33,33,rosmap,YES
SM-CTEM3,0,0,33,33,rosmap,YES
SM-CTEM4,0,1,23,23,rosmap,YES
SM-CTEM5,0,0,33,33,rosmap,YES
SM-CTEM6,1,0,34,34,rosmap,YES
SM-CTEM8,0,0,33,33,rosmap,YES
SM-CTEM9,1,0,34,34,rosmap,YES
SM-CTEMB,0,0,33,33,rosmap,YES
SM-CTEMC,1,0,34,34,rosmap,YES
SM-CTEMD,0,0,33,33,rosmap,YES
SM-CTEME,0,0,33,33,rosmap,YES
SM-CTEMF,0,0,33,33,rosmap,YES
SM-CTEMG,0,0,33,23,rosmap,NO
SM-CTEMH,2,0,44,44,rosmap,YES
SM-CTEMI,0,0,33,33,rosmap,YES
SM-CTEMJ,0,0,33,33,rosmap,YES
SM-CTEMK,0,0,33,33,rosmap,YES
SM-CTEML,0,0,33,33,rosmap,YES
SM-CTEMM,0,1,23,23,rosmap,YES
SM-CTEMN,0,0,33,33,rosmap,YES
SM-CTEMO,1,0,34,34,rosmap,YES
SM-CTEMP,0,0,33,33,rosmap,YES
SM-CTEMQ,0,0,33,33,rosmap,YES
SM-CTEMR,0,0,33,33,rosmap,YES
SM-CTEMS,0,0,33,33,rosmap,YES
SM-CTEMT,0,0,33,33,rosmap,YES
SM-CTEMU,0,0,33,33,rosmap,YES
SM-CTEMW,0,0,33,24,rosmap,NO
SM-CTEMX,0,0,33,33,rosmap,YES
SM-CTEMY,0,0,33,33,rosmap,YES
SM-CTEMZ,2,0,44,44,rosmap,YES
SM-CTEN1,0,0,33,33,rosmap,YES
SM-CTEN2,0,0,33,33,rosmap,YES
SM-CTEN3,0,0,33,33,rosmap,YES
SM-CTEN4,1,0,34,34,rosmap,YES
SM-CTEN5,1,0,34,34,rosmap,YES
SM-CTEN6,0,1,23,23,rosmap,YES
SM-CTEN7,0,0,33,33,rosmap,YES
SM-CTEN8,0,1,23,23,rosmap,YES
SM-CTEN9,1,0,34,34,rosmap,YES
SM-CTENA,0,0,33,33,rosmap,YES
SM-CTENC,0,0,33,33,rosmap,YES
SM-CTEND,0,0,33,33,rosmap,YES
SM-CTENE,0,0,33,33,rosmap,YES
SM-CTENF,0,0,33,33,rosmap,YES
SM-CTENG,0,0,33,33,rosmap,YES
SM-CTENH,1,0,34,33,rosmap,NO
