WGS_SampleID,rs429358,rs7412,apoe_wgs,ApoE_reported,Cohort,ApoE_dif
1000,0/1,0/0,34,34,mayo,FALSE
1005,0/0,0/0,33,33,mayo,FALSE
1010,0/0,0/0,33,33,mayo,FALSE
1015,0/1,0/0,34,34,mayo,FALSE
1019,0/1,0/0,34,34,mayo,FALSE
1027,0/0,0/0,33,33,mayo,FALSE
1029,0/0,0/0,33,33,mayo,FALSE
1034,0/0,0/1,23,23,mayo,FALSE
1036,0/0,0/0,33,33,mayo,FALSE
1045,0/0,0/0,33,33,mayo,FALSE
1046,0/0,0/0,33,33,mayo,FALSE
1047,0/1,0/0,34,34,mayo,FALSE
1052,0/0,0/0,33,33,mayo,FALSE
1058,0/0,0/0,33,33,mayo,FALSE
1059,0/1,0/0,34,34,mayo,FALSE
1078,0/0,0/0,33,33,mayo,FALSE
1085,0/0,0/0,33,33,mayo,FALSE
1089,1-Jan,0/0,44,44,mayo,FALSE
1098,0/1,0/0,34,34,mayo,FALSE
1103,0/0,0/1,23,23,mayo,FALSE
1104,0/0,0/0,33,33,mayo,FALSE
1105,0/1,0/0,34,34,mayo,FALSE
1114,0/1,0/0,34,34,mayo,FALSE
1119,0/1,0/0,34,34,mayo,FALSE
1121,1-Jan,0/0,44,44,mayo,FALSE
1123,0/0,0/0,33,33,mayo,FALSE
11241,0/0,0/0,33,33,mayo,FALSE
11249,0/0,0/0,33,33,mayo,FALSE
11253,0/0,0/0,33,33,mayo,FALSE
11254,0/0,0/0,33,33,mayo,FALSE
11255,0/0,0/0,33,33,mayo,FALSE
11258,0/0,0/1,23,23,mayo,FALSE
11259,0/1,0/0,34,34,mayo,FALSE
11263,0/0,0/1,23,23,mayo,FALSE
11264,0/0,0/0,33,33,mayo,FALSE
11265,0/0,0/0,33,33,mayo,FALSE
11266,0/1,0/0,34,34,mayo,FALSE
11267,0/0,0/0,33,33,mayo,FALSE
11271,0/0,0/0,33,33,mayo,FALSE
11275,0/0,0/0,33,33,mayo,FALSE
11276,0/0,0/0,33,33,mayo,FALSE
11279,0/0,0/1,23,23,mayo,FALSE
11281,0/0,0/0,33,33,mayo,FALSE
11285,0/0,0/0,33,33,mayo,FALSE
11287,0/1,0/1,24,24,mayo,FALSE
11288,0/0,0/0,33,33,mayo,FALSE
1129,0/1,0/0,34,34,mayo,FALSE
11290,0/0,1-Jan,22,22,mayo,FALSE
11291,0/1,0/0,34,34,mayo,FALSE
11292,0/0,0/0,33,33,mayo,FALSE
11293,0/0,0/0,33,33,mayo,FALSE
11294,0/0,0/0,33,33,mayo,FALSE
11295,0/0,0/1,23,23,mayo,FALSE
11298,0/0,0/0,33,33,mayo,FALSE
11300,0/0,0/0,33,33,mayo,FALSE
11303,0/1,0/0,34,34,mayo,FALSE
11305,0/0,0/1,23,23,mayo,FALSE
11306,0/0,0/0,33,33,mayo,FALSE
11307,0/0,0/0,33,33,mayo,FALSE
11309,1-Jan,0/0,44,44,mayo,FALSE
11312,0/1,0/0,34,34,mayo,FALSE
11313,0/1,0/0,34,34,mayo,FALSE
11314,0/0,0/1,23,23,mayo,FALSE
11316,0/1,0/0,34,34,mayo,FALSE
11317,0/0,0/1,23,23,mayo,FALSE
11319,0/0,0/0,33,33,mayo,FALSE
11320,0/0,0/0,33,33,mayo,FALSE
11321,0/0,0/0,33,33,mayo,FALSE
11322,0/0,0/0,33,33,mayo,FALSE
11323,0/0,0/0,33,33,mayo,FALSE
11325,0/0,0/0,33,33,mayo,FALSE
11326,0/0,0/0,33,33,mayo,FALSE
11327,0/0,0/0,33,33,mayo,FALSE
11328,0/0,0/1,23,23,mayo,FALSE
11329,0/0,0/0,33,33,mayo,FALSE
11330,0/0,0/0,33,33,mayo,FALSE
11331,0/0,0/1,23,23,mayo,FALSE
11332,0/0,0/0,33,33,mayo,FALSE
11333,0/0,0/0,33,33,mayo,FALSE
11334,0/0,0/0,33,33,mayo,FALSE
11337,0/0,0/0,33,33,mayo,FALSE
11338,0/1,0/0,34,34,mayo,FALSE
11340,0/0,0/1,23,23,mayo,FALSE
11341,0/0,0/0,33,33,mayo,FALSE
11342,0/1,0/0,34,34,mayo,FALSE
11344,0/0,0/0,33,33,mayo,FALSE
11345,0/0,0/0,33,33,mayo,FALSE
11346,0/0,0/0,33,33,mayo,FALSE
11349,0/0,0/0,33,33,mayo,FALSE
11353,0/0,0/0,33,33,mayo,FALSE
11355,0/0,0/0,33,33,mayo,FALSE
11357,0/0,0/1,23,23,mayo,FALSE
11358,0/0,0/0,33,33,mayo,FALSE
1137,0/0,0/0,33,33,mayo,FALSE
11370,0/0,0/0,33,33,mayo,FALSE
11371,0/1,0/0,34,34,mayo,FALSE
11372,0/1,0/0,34,34,mayo,FALSE
11374,0/0,0/0,33,33,mayo,FALSE
11377,0/0,0/0,33,33,mayo,FALSE
11381,0/0,0/1,23,23,mayo,FALSE
11383,0/0,0/0,33,33,mayo,FALSE
11385,0/1,0/0,34,34,mayo,FALSE
11389,0/0,0/0,33,33,mayo,FALSE
11391,0/0,0/0,33,33,mayo,FALSE
11393,0/0,0/0,33,33,mayo,FALSE
11394,0/0,0/0,33,33,mayo,FALSE
11395,0/0,0/0,33,33,mayo,FALSE
11396,0/0,0/0,33,33,mayo,FALSE
11397,0/0,0/0,33,33,mayo,FALSE
11398,0/0,0/1,23,23,mayo,FALSE
11399,0/0,0/0,33,33,mayo,FALSE
11400,0/1,0/0,34,34,mayo,FALSE
11402,0/0,0/1,23,23,mayo,FALSE
11403,0/0,0/0,33,33,mayo,FALSE
11404,0/0,0/0,33,33,mayo,FALSE
11408,0/1,0/0,34,34,mayo,FALSE
11410,0/0,0/1,23,23,mayo,FALSE
11412,0/0,0/0,33,33,mayo,FALSE
11417,0/0,0/0,33,33,mayo,FALSE
11422,0/0,0/0,33,33,mayo,FALSE
11423,0/0,0/1,23,23,mayo,FALSE
11424,0/1,0/0,34,34,mayo,FALSE
11425,0/1,0/0,34,34,mayo,FALSE
11426,0/0,0/0,33,33,mayo,FALSE
11427,0/0,0/0,33,33,mayo,FALSE
11428,0/0,0/0,33,33,mayo,FALSE
11429,0/0,0/0,33,33,mayo,FALSE
11430,0/0,0/0,33,33,mayo,FALSE
11431,0/0,0/0,33,33,mayo,FALSE
11432,0/0,0/0,33,33,mayo,FALSE
11433,0/0,0/0,33,33,mayo,FALSE
11440,0/0,0/1,23,23,mayo,FALSE
11443,0/0,0/1,23,23,mayo,FALSE
11445,0/0,0/0,33,33,mayo,FALSE
11447,0/0,0/0,33,33,mayo,FALSE
11448,0/0,0/0,33,33,mayo,FALSE
11449,0/1,0/0,34,34,mayo,FALSE
11452,0/0,0/0,33,33,mayo,FALSE
11456,0/0,0/0,33,33,mayo,FALSE
11457,0/0,0/0,33,33,mayo,FALSE
11458,0/0,0/0,33,33,mayo,FALSE
1146,0/0,0/1,23,23,mayo,FALSE
11460,0/1,0/0,34,34,mayo,FALSE
11463,0/0,0/0,33,33,mayo,FALSE
11464,0/0,0/0,33,33,mayo,FALSE
11465,0/0,0/0,33,33,mayo,FALSE
11468,0/0,0/1,23,23,mayo,FALSE
11469,0/0,0/0,33,33,mayo,FALSE
11470,0/0,0/1,23,23,mayo,FALSE
11471,0/0,0/0,33,33,mayo,FALSE
11472,0/1,0/0,34,34,mayo,FALSE
11474,0/0,0/0,33,33,mayo,FALSE
11475,0/0,0/1,23,23,mayo,FALSE
11476,0/0,0/0,33,33,mayo,FALSE
11480,0/1,0/0,34,34,mayo,FALSE
11481,0/0,0/0,33,33,mayo,FALSE
11482,0/0,0/0,33,33,mayo,FALSE
11483,0/1,0/0,34,34,mayo,FALSE
11485,0/0,0/1,23,23,mayo,FALSE
11486,0/1,0/0,34,34,mayo,FALSE
11489,0/0,0/0,33,33,mayo,FALSE
11491,0/0,0/0,33,33,mayo,FALSE
11492,0/0,0/0,33,33,mayo,FALSE
11493,0/0,0/0,33,33,mayo,FALSE
11494,0/0,0/0,33,33,mayo,FALSE
11495,0/0,0/0,33,33,mayo,FALSE
11497,0/0,0/0,33,33,mayo,FALSE
11498,0/0,0/0,33,33,mayo,FALSE
11499,0/0,0/0,33,33,mayo,FALSE
11500,0/0,0/0,33,33,mayo,FALSE
11502,0/0,0/0,33,33,mayo,FALSE
11505,0/0,0/0,33,33,mayo,FALSE
11506,0/0,0/1,23,23,mayo,FALSE
11507,0/0,0/0,33,33,mayo,FALSE
1159,0/0,0/0,33,33,mayo,FALSE
1166,0/0,0/0,33,33,mayo,FALSE
1172,0/0,0/0,33,33,mayo,FALSE
1183,0/0,0/0,33,33,mayo,FALSE
1195,1-Jan,0/0,44,44,mayo,FALSE
1200,0/1,0/0,34,34,mayo,FALSE
1214,0/1,0/0,34,34,mayo,FALSE
12306,0/1,0/0,34,,mayo,
12308,0/1,0/0,34,,mayo,
1239,0/0,0/0,33,33,mayo,FALSE
1258,0/1,0/0,34,34,mayo,FALSE
1271,0/1,0/0,34,34,mayo,FALSE
1275,0/0,0/1,23,23,mayo,FALSE
1282,0/1,0/0,34,34,mayo,FALSE
129,0/1,0/0,34,34,mayo,FALSE
1302,0/1,0/0,34,34,mayo,FALSE
134,0/1,0/0,34,34,mayo,FALSE
135,0/1,0/0,34,34,mayo,FALSE
141,1-Jan,0/0,44,44,mayo,FALSE
142,0/1,0/0,34,34,mayo,FALSE
14543,0/0,0/0,33,,mayo,
14546,0/0,0/0,33,,mayo,
14547,0/0,0/0,33,,mayo,
14548,0/1,0/0,34,,mayo,
14549,0/0,0/0,33,33,mayo,FALSE
14550,0/0,0/0,33,,mayo,
14551,0/0,0/0,33,,mayo,
14552,0/0,0/0,33,33,mayo,FALSE
14553,0/0,0/0,33,33,mayo,FALSE
14555,0/0,0/0,33,,mayo,
14556,0/1,0/0,34,,mayo,
14557,0/0,0/0,33,,mayo,
14558,0/1,0/0,34,,mayo,
14560,0/0,0/1,23,,mayo,
14562,0/0,0/0,33,,mayo,
149,0/0,0/0,33,33,mayo,FALSE
18198,0/0,0/0,33,,mayo,
18199,0/1,0/0,34,,mayo,
18200,0/0,0/0,33,,mayo,
18201,0/0,0/0,33,,mayo,
18202,0/1,0/0,34,,mayo,
18203,0/0,0/1,23,,mayo,
18204,0/0,0/0,33,,mayo,
18206,0/0,0/1,23,,mayo,
18209,0/0,0/0,33,,mayo,
18210,0/0,0/0,33,,mayo,
18211,0/0,0/0,33,,mayo,
18212,0/1,0/0,34,,mayo,
18213,0/0,0/0,33,,mayo,
18214,0/0,0/0,33,,mayo,
18216,0/0,0/0,33,,mayo,
18217,0/1,0/1,24,,mayo,
18218,0/0,0/1,23,,mayo,
18219,0/0,0/0,33,,mayo,
18220,0/0,0/0,33,,mayo,
18221,0/1,0/0,34,,mayo,
18222,0/0,0/0,33,,mayo,
18223,0/0,0/0,33,,mayo,
18224,0/0,0/1,23,,mayo,
18225,0/1,0/1,24,,mayo,
18226,0/1,0/0,34,,mayo,
18228,0/1,0/0,34,,mayo,
18229,0/0,0/1,23,,mayo,
18230,0/0,0/0,33,,mayo,
18231,1-Jan,0/0,44,,mayo,
18232,0/1,0/1,24,,mayo,
18233,0/0,0/0,33,,mayo,
18234,0/1,0/0,34,,mayo,
18235,0/1,0/0,34,,mayo,
18236,0/0,0/0,33,,mayo,
18237,0/0,0/0,33,,mayo,
18238,0/0,0/0,33,,mayo,
18239,0/0,0/1,23,,mayo,
1919,0/0,0/0,33,33,mayo,FALSE
1923,0/0,0/0,33,33,mayo,FALSE
1924,0/0,0/0,33,33,mayo,FALSE
1925,0/0,0/0,33,33,mayo,FALSE
1926,0/0,0/0,33,33,mayo,FALSE
1929,0/0,0/0,33,33,mayo,FALSE
1931,0/0,0/0,33,33,mayo,FALSE
1932,0/0,0/0,33,33,mayo,FALSE
1933,0/1,0/1,24,24,mayo,FALSE
1934,0/0,0/0,33,33,mayo,FALSE
1935,0/0,0/0,33,33,mayo,FALSE
1936,0/0,0/0,33,33,mayo,FALSE
1937,0/0,0/0,33,33,mayo,FALSE
1938,0/0,0/1,23,23,mayo,FALSE
1940,0/0,0/0,33,33,mayo,FALSE
1941,0/0,0/0,33,33,mayo,FALSE
1942,0/0,0/0,33,33,mayo,FALSE
1943,0/1,0/0,34,34,mayo,FALSE
1944,0/1,0/0,34,34,mayo,FALSE
1945,0/0,0/1,23,23,mayo,FALSE
1947,0/0,0/0,33,,mayo,
1948,0/0,0/0,33,,mayo,
1950,1-Jan,0/0,44,44,mayo,FALSE
1951,0/1,0/0,34,34,mayo,FALSE
1952,0/0,0/0,33,33,mayo,FALSE
1953,0/0,0/0,33,33,mayo,FALSE
1954,0/1,0/0,34,,mayo,
1955,0/0,0/0,33,33,mayo,FALSE
1956,0/0,0/0,33,33,mayo,FALSE
1957,0/0,0/0,33,33,mayo,FALSE
1958,0/0,0/0,33,33,mayo,FALSE
1959,0/0,0/0,33,33,mayo,FALSE
1960,0/0,0/0,33,33,mayo,FALSE
1963,0/0,0/0,33,33,mayo,FALSE
1964,0/0,0/1,23,23,mayo,FALSE
2210,0/0,0/0,33,,mayo,
2517,0/1,0/0,34,,mayo,
6810,0/0,0/0,33,33,mayo,FALSE
6819,0/0,0/0,33,33,mayo,FALSE
6821,0/1,0/0,34,34,mayo,FALSE
68411,0/0,1-Jan,22,22,msbb,FALSE
68416,0/0,0/1,23,,msbb,
68419,0/0,0/1,23,,msbb,
68420,0/0,0/0,33,,msbb,
68422,0/0,0/0,33,,msbb,
68423,0/1,0/0,34,,msbb,
68424,0/0,0/1,23,,msbb,
68425,0/1,0/0,34,,msbb,
68427,0/1,0/0,34,,msbb,
68428,0/1,0/0,34,,msbb,
68430,0/1,0/0,34,,msbb,
68431,0/0,0/0,33,,msbb,
68433,0/0,0/0,33,,msbb,
68434,0/0,0/1,23,,msbb,
68435,0/0,0/0,33,,msbb,
68454,0/0,0/0,33,,msbb,
68455,0/0,0/0,33,,msbb,
68515,0/0,0/0,33,,msbb,
68522,0/0,0/0,33,33,msbb,FALSE
68586,0/0,0/0,33,,msbb,
68622,0/1,0/0,34,,msbb,
68624,0/1,0/0,34,34,msbb,FALSE
6863,0/0,0/1,23,23,mayo,FALSE
68637,0/0,0/0,33,,msbb,
68658,1-Jan,0/0,44,,msbb,
68682,0/0,0/0,33,33,msbb,FALSE
6870,0/0,0/0,33,33,mayo,FALSE
6872,0/0,0/0,33,33,mayo,FALSE
6880,0/0,0/0,33,33,mayo,FALSE
6894,0/0,0/0,33,33,mayo,FALSE
6913,0/0,0/0,33,33,mayo,FALSE
6914,0/0,0/0,33,33,mayo,FALSE
6915,0/0,0/0,33,33,mayo,FALSE
6925,0/0,0/0,33,33,mayo,FALSE
6929,0/0,0/0,33,33,mayo,FALSE
6952,0/0,0/0,33,33,mayo,FALSE
6976,0/0,0/1,23,23,mayo,FALSE
7000,0/0,0/1,23,23,mayo,FALSE
7015,0/1,0/0,34,34,mayo,FALSE
7016,0/1,0/0,34,34,mayo,FALSE
70460,0/0,0/0,33,33,msbb,FALSE
70475,0/0,0/1,23,23,msbb,FALSE
70485,0/0,0/0,33,33,msbb,FALSE
70490,0/0,0/0,33,33,msbb,FALSE
70524,0/0,0/0,33,,msbb,
70539,0/0,0/0,33,33,msbb,FALSE
70546,0/1,0/0,34,,msbb,
70568,0/1,0/0,34,34,msbb,FALSE
70579,0/0,0/0,33,33,msbb,FALSE
70594,0/0,0/0,33,,msbb,
70609,0/1,0/0,34,34,msbb,FALSE
70614,0/0,0/1,23,,msbb,
70635,0/0,0/0,33,33,msbb,FALSE
70640,0/0,0/0,33,33,msbb,FALSE
70659,0/0,0/0,33,,msbb,
70665,0/1,0/0,34,34,msbb,FALSE
70672,0/1,0/0,34,34,msbb,FALSE
70688,0/0,0/0,33,,msbb,
70696,0/0,0/0,33,33,msbb,FALSE
7095,0/0,0/1,23,23,mayo,FALSE
7098,0/0,0/0,33,33,mayo,FALSE
7099,0/0,0/0,33,33,mayo,FALSE
716,0/0,0/0,33,33,mayo,FALSE
71673,0/0,0/0,33,33,msbb,FALSE
71674,0/1,0/0,34,33,msbb,TRUE
71675,0/0,0/0,33,33,msbb,FALSE
71677,0/1,0/0,34,34,msbb,FALSE
71679,0/0,0/0,33,33,msbb,FALSE
71684,0/0,0/0,33,33,msbb,FALSE
71685,0/0,0/0,33,,msbb,
71686,0/0,0/0,33,33,msbb,FALSE
71687,0/0,0/0,33,,msbb,
71688,0/0,0/0,33,33,msbb,FALSE
71689,0/0,0/0,33,33,msbb,FALSE
71690,0/0,0/0,33,33,msbb,FALSE
71691,0/0,0/0,33,33,msbb,FALSE
71692,0/1,0/0,34,34,msbb,FALSE
71693,0/0,0/1,23,,msbb,
71694,0/1,0/0,34,,msbb,
71695,0/0,0/0,33,,msbb,
71697,0/0,0/0,33,33,msbb,FALSE
71698,0/1,0/0,34,34,msbb,FALSE
71699,0/1,0/0,34,34,msbb,FALSE
71700,0/1,0/0,34,,msbb,
71701,0/0,0/0,33,,msbb,
71702,0/1,0/0,34,34,msbb,FALSE
71703,0/0,0/0,33,,msbb,
71704,0/0,0/1,23,,msbb,
71705,0/0,0/1,23,23,msbb,FALSE
71706,0/0,0/0,33,,msbb,
71708,0/1,0/0,34,34,msbb,FALSE
71709,0/0,0/0,33,,msbb,
71710,0/1,0/0,34,34,msbb,FALSE
71711,0/0,0/0,33,,msbb,
71712,0/1,0/0,34,,msbb,
71713,0/1,0/1,24,,msbb,
71714,0/1,0/0,34,,msbb,
71715,0/1,0/0,34,34,msbb,FALSE
71716,0/0,0/0,33,,msbb,
71717,0/0,0/0,33,33,msbb,FALSE
71718,0/1,0/0,34,34,msbb,FALSE
71719,0/0,0/0,33,33,msbb,FALSE
71720,1-Jan,0/0,44,,msbb,
71721,0/0,1-Jan,22,,msbb,
71722,0/1,0/0,34,,msbb,
71723,0/0,0/0,33,33,msbb,FALSE
71724,0/0,0/0,33,,msbb,
71725,0/0,0/0,33,,msbb,
71726,0/0,0/0,33,33,msbb,FALSE
71727,0/0,0/0,33,,msbb,
71728,0/0,0/0,33,33,msbb,FALSE
71729,0/0,0/1,23,33,msbb,TRUE
71730,0/0,0/0,33,33,msbb,FALSE
71731,0/1,0/0,34,33,msbb,TRUE
71732,0/0,0/0,33,33,msbb,FALSE
71733,0/0,0/0,33,,msbb,
71734,1-Jan,0/0,44,44,msbb,FALSE
71735,0/0,0/0,33,34,msbb,TRUE
71736,0/1,0/0,34,,msbb,
71737,0/0,0/0,33,33,msbb,FALSE
71738,0/1,0/0,34,34,msbb,FALSE
71739,0/0,0/0,33,33,msbb,FALSE
71740,0/0,0/0,33,33,msbb,FALSE
71741,0/0,0/0,33,33,msbb,FALSE
71742,0/0,0/0,33,33,msbb,FALSE
71745,0/0,0/0,33,33,msbb,FALSE
71746,0/0,0/0,33,33,msbb,FALSE
71747,0/1,0/0,34,33,msbb,TRUE
71748,0/0,0/0,33,,msbb,
71749,0/1,0/0,34,34,msbb,FALSE
71750,0/0,0/0,33,33,msbb,FALSE
71751,1-Jan,0/0,44,,msbb,
71752,0/0,0/0,33,,msbb,
71753,0/1,0/1,24,24,msbb,FALSE
71754,0/0,0/0,33,33,msbb,FALSE
71755,1-Jan,0/0,44,34,msbb,TRUE
71756,0/1,0/0,34,34,msbb,FALSE
71757,0/0,0/0,33,33,msbb,FALSE
71758,0/1,0/1,24,,msbb,
71759,0/0,0/1,23,,msbb,
71760,0/0,0/1,23,23,msbb,FALSE
71761,0/0,0/0,33,,msbb,
71762,0/0,0/0,33,33,msbb,FALSE
71763,0/0,0/1,23,23,msbb,FALSE
71764,0/1,0/0,34,34,msbb,FALSE
71765,0/0,0/0,33,33,msbb,FALSE
71766,0/0,0/1,23,44,msbb,TRUE
71767,0/0,0/0,33,34,msbb,TRUE
71768,0/0,0/0,33,33,msbb,FALSE
71769,0/0,0/0,33,33,msbb,FALSE
71770,0/1,0/1,24,,msbb,
71771,0/1,0/0,34,,msbb,
71772,0/0,0/0,33,,msbb,
71773,0/0,0/0,33,33,msbb,FALSE
71774,0/0,0/0,33,,msbb,
71775,0/1,0/0,34,34,msbb,FALSE
71776,0/1,0/0,34,,msbb,
71777,0/1,0/0,34,,msbb,
71778,0/1,0/0,34,34,msbb,FALSE
71779,0/1,0/0,34,34,msbb,FALSE
71780,0/0,0/0,33,,msbb,
71781,0/0,0/0,33,,msbb,
71782,0/1,0/0,34,34,msbb,FALSE
71783,0/0,0/0,33,33,msbb,FALSE
71784,0/1,0/0,34,34,msbb,FALSE
71785,0/1,0/0,34,,msbb,
71786,0/1,0/0,34,,msbb,
71787,0/0,0/0,33,33,msbb,FALSE
71789,0/1,0/0,34,,msbb,
71790,0/1,0/1,24,,msbb,
71791,0/0,0/1,23,23,msbb,FALSE
71792,0/0,0/0,33,33,msbb,FALSE
71793,0/1,0/0,34,,msbb,
71794,0/1,0/0,34,,msbb,
71795,0/0,0/0,33,,msbb,
71796,0/1,0/0,34,34,msbb,FALSE
71797,0/0,0/0,33,33,msbb,FALSE
71798,0/1,0/0,34,,msbb,
71799,0/1,0/0,34,34,msbb,FALSE
71800,0/0,0/0,33,33,msbb,FALSE
71801,0/0,1-Jan,22,22,msbb,FALSE
71802,0/1,0/0,34,34,msbb,FALSE
71803,0/0,0/0,33,33,msbb,FALSE
71804,0/1,0/0,34,,msbb,
71805,0/0,0/0,33,33,msbb,FALSE
71806,0/1,0/0,34,34,msbb,FALSE
71807,0/0,0/0,33,33,msbb,FALSE
71808,0/0,0/1,23,23,msbb,FALSE
71809,0/0,0/0,33,,msbb,
71810,0/0,0/1,23,23,msbb,FALSE
71811,0/1,0/0,34,,msbb,
71812,0/0,0/0,33,,msbb,
71813,0/1,0/0,34,33,msbb,TRUE
71814,0/1,0/0,34,34,msbb,FALSE
71815,0/0,0/0,33,33,msbb,FALSE
71816,0/0,0/0,33,,msbb,
71817,0/0,0/1,23,33,msbb,TRUE
71818,0/0,0/0,33,,msbb,
71819,0/0,0/0,33,33,msbb,FALSE
71823,0/1,0/0,34,,msbb,
71824,0/0,0/0,33,33,msbb,FALSE
71825,0/0,0/0,33,,msbb,
71826,0/1,0/0,34,,msbb,
71827,0/0,0/0,33,,msbb,
71828,0/0,0/0,33,33,msbb,FALSE
71829,0/0,0/0,33,,msbb,
71830,0/0,0/0,33,33,msbb,FALSE
71831,0/0,0/0,33,33,msbb,FALSE
71832,0/0,0/0,33,33,msbb,FALSE
71833,0/1,0/0,34,,msbb,
71834,0/0,0/0,33,33,msbb,FALSE
71835,0/1,0/0,34,,msbb,
71836,0/0,0/0,33,33,msbb,FALSE
71837,1-Jan,0/0,44,,msbb,
71838,0/0,0/0,33,33,msbb,FALSE
71839,0/1,0/0,34,34,msbb,FALSE
71841,0/0,0/0,33,33,msbb,FALSE
71842,0/0,0/1,23,,msbb,
71843,0/0,0/0,33,,msbb,
71844,0/0,0/0,33,,msbb,
71845,0/0,0/0,33,,msbb,
71846,0/1,0/0,34,34,msbb,FALSE
71847,0/0,0/0,33,,msbb,
71848,0/0,0/0,33,33,msbb,FALSE
71849,0/1,0/0,34,,msbb,
71850,0/0,0/1,23,23,msbb,FALSE
71851,0/1,0/0,34,34,msbb,FALSE
71852,0/0,0/0,33,33,msbb,FALSE
71853,0/0,0/0,33,33,msbb,FALSE
71855,0/0,0/0,33,33,msbb,FALSE
71856,0/1,0/0,34,34,msbb,FALSE
71857,0/0,0/0,33,,msbb,
71858,0/1,0/0,34,34,msbb,FALSE
71859,0/1,0/0,34,,msbb,
71860,0/1,0/0,34,34,msbb,FALSE
71861,1-Jan,0/0,44,,msbb,
71862,0/0,0/0,33,33,msbb,FALSE
71863,0/0,0/0,33,33,msbb,FALSE
71865,0/1,0/0,34,,msbb,
71866,0/1,0/0,34,,msbb,
71867,0/1,0/0,34,34,msbb,FALSE
71868,0/0,0/0,33,33,msbb,FALSE
71870,0/1,0/0,34,34,msbb,FALSE
71871,1-Jan,0/0,44,,msbb,
71873,0/1,0/0,34,,msbb,
71875,0/0,0/0,33,33,msbb,FALSE
71876,0/0,0/0,33,33,msbb,FALSE
71877,0/0,0/0,33,33,msbb,FALSE
71878,0/1,0/1,24,,msbb,
71879,0/1,0/0,34,34,msbb,FALSE
71880,0/0,0/0,33,33,msbb,FALSE
71881,0/0,0/0,33,,msbb,
71882,0/0,0/1,23,23,msbb,FALSE
71883,0/1,0/0,34,34,msbb,FALSE
71884,0/0,0/0,33,33,msbb,FALSE
71885,1-Jan,0/0,44,44,msbb,FALSE
71886,0/0,0/0,33,33,msbb,FALSE
71887,0/0,0/0,33,33,msbb,FALSE
71889,0/0,0/0,33,,msbb,
71890,0/1,0/0,34,34,msbb,FALSE
71891,0/0,0/1,23,23,msbb,FALSE
71892,0/0,0/1,23,,msbb,
71893,0/0,0/0,33,33,msbb,FALSE
71895,0/0,0/0,33,,msbb,
71896,0/0,0/0,33,33,msbb,FALSE
71897,0/0,0/0,33,,msbb,
71898,0/0,0/0,33,,msbb,
71899,0/0,0/0,33,33,msbb,FALSE
719,0/0,0/1,23,23,mayo,FALSE
71900,0/1,0/0,34,34,msbb,FALSE
71901,0/0,0/0,33,,msbb,
71902,1-Jan,0/0,44,,msbb,
71903,0/1,0/0,34,,msbb,
71904,0/0,0/0,33,33,msbb,FALSE
71906,0/1,0/0,34,,msbb,
71907,0/0,0/0,33,33,msbb,FALSE
71908,0/0,0/1,23,23,msbb,FALSE
71909,0/1,0/0,34,34,msbb,FALSE
71910,0/0,0/1,23,23,msbb,FALSE
71911,0/1,0/0,34,34,msbb,FALSE
71912,0/1,0/0,34,,msbb,
71913,0/1,0/0,34,34,msbb,FALSE
71915,0/1,0/0,34,,msbb,
71916,0/0,0/1,23,23,msbb,FALSE
71917,0/0,0/1,23,23,msbb,FALSE
71918,0/0,0/0,33,,msbb,
71919,0/1,0/0,34,34,msbb,FALSE
71920,0/0,0/0,33,33,msbb,FALSE
71922,0/0,0/1,23,,msbb,
71923,0/0,0/0,33,33,msbb,FALSE
71924,0/0,0/1,23,23,msbb,FALSE
71925,0/0,0/0,33,,msbb,
71926,0/0,0/1,23,23,msbb,FALSE
71927,0/0,0/1,23,23,msbb,FALSE
71928,0/0,0/0,33,33,msbb,FALSE
71929,0/0,0/0,33,33,msbb,FALSE
71930,0/0,0/0,33,,msbb,
71931,0/0,0/0,33,,msbb,
71932,0/0,0/0,33,,msbb,
71933,0/1,0/0,34,34,msbb,FALSE
71934,0/0,0/0,33,,msbb,
71935,0/1,0/0,34,,msbb,
71936,0/0,0/0,33,,msbb,
71937,0/0,0/0,33,33,msbb,FALSE
71938,0/1,0/0,34,34,msbb,FALSE
71939,1-Jan,0/0,44,,msbb,
71940,0/0,0/0,33,33,msbb,FALSE
71941,0/1,0/0,34,,msbb,
71942,0/0,0/0,33,33,msbb,FALSE
71943,0/0,0/1,23,,msbb,
71944,1-Jan,0/0,44,44,msbb,FALSE
71945,0/0,0/1,23,23,msbb,FALSE
71946,0/0,0/0,33,33,msbb,FALSE
71947,0/0,0/0,33,,msbb,
71948,0/0,0/0,33,,msbb,
71949,0/1,0/0,34,34,msbb,FALSE
71950,0/0,0/0,33,33,msbb,FALSE
71951,0/1,0/0,34,34,msbb,FALSE
71952,0/0,0/0,33,,msbb,
71954,0/0,0/0,33,,msbb,
71955,0/0,0/0,33,,msbb,
71956,0/0,0/1,23,,msbb,
71958,0/1,0/0,34,,msbb,
71959,0/0,0/1,23,,msbb,
71960,0/0,0/1,23,23,msbb,FALSE
71961,0/1,0/1,24,,msbb,
71962,0/0,0/1,23,,msbb,
71963,0/0,0/0,33,,msbb,
71964,0/0,0/1,23,,msbb,
71965,0/1,0/0,34,,msbb,
71966,0/0,0/0,33,,msbb,
71967,0/0,0/0,33,,msbb,
71968,0/1,0/0,34,34,msbb,FALSE
71969,0/0,0/0,33,,msbb,
71970,0/0,0/1,23,,msbb,
71971,0/0,0/0,33,33,msbb,FALSE
71972,0/0,0/0,33,,msbb,
71973,0/0,0/0,33,,msbb,
71974,0/0,0/0,33,,msbb,
71975,0/1,0/0,34,34,msbb,FALSE
71976,0/0,0/0,33,33,msbb,FALSE
71977,0/0,0/0,33,33,msbb,FALSE
71978,0/1,0/0,34,,msbb,
71979,0/1,0/0,34,,msbb,
71980,0/0,0/1,23,,msbb,
71981,0/0,0/1,23,,msbb,
71982,0/0,0/0,33,,msbb,
71983,0/1,0/0,34,,msbb,
71984,0/0,0/1,23,,msbb,
71985,0/1,0/0,34,,msbb,
71986,0/1,0/0,34,,msbb,
71987,0/0,0/0,33,33,msbb,FALSE
71988,0/0,0/0,33,33,msbb,FALSE
71989,0/1,0/0,34,,msbb,
71991,1-Jan,0/0,44,,msbb,
71992,0/0,0/0,33,,msbb,
71993,0/1,0/0,34,,msbb,
71994,0/0,0/0,33,,msbb,
71995,0/0,0/0,33,,msbb,
71996,1-Jan,0/0,44,,msbb,
731,0/0,0/0,33,33,mayo,FALSE
732,0/1,0/0,34,34,mayo,FALSE
736,0/0,0/0,33,33,mayo,FALSE
742,0/0,0/0,33,33,mayo,FALSE
744,0/0,0/0,33,33,mayo,FALSE
74458,0/0,0/0,33,,msbb,
746,0/0,0/0,33,33,mayo,FALSE
751,0/1,0/0,34,34,mayo,FALSE
76348,1-Jan,0/0,44,,msbb,
76349,0/0,0/1,23,,msbb,
76350,0/1,0/1,24,,msbb,
76351,0/1,0/0,34,,msbb,
76352,0/1,0/0,34,,msbb,
76353,0/0,0/0,33,,msbb,
76354,0/0,0/0,33,,msbb,
766,0/1,0/0,34,34,mayo,FALSE
76655,0/0,0/0,33,44,msbb,TRUE
775,0/1,0/0,34,34,mayo,FALSE
777,0/0,0/0,33,33,mayo,FALSE
783,0/1,0/0,34,34,mayo,FALSE
785,0/1,0/0,34,34,mayo,FALSE
786,0/1,0/0,34,34,mayo,FALSE
787,0/1,0/0,34,34,mayo,FALSE
791,0/0,0/0,33,33,mayo,FALSE
797,0/0,0/0,33,33,mayo,FALSE
812,1-Jan,0/0,44,44,mayo,FALSE
813,0/1,0/0,34,34,mayo,FALSE
816,0/1,0/0,34,34,mayo,FALSE
828,0/0,0/1,23,23,mayo,FALSE
834,1-Jan,0/0,44,44,mayo,FALSE
843,0/1,0/0,34,34,mayo,FALSE
849,0/0,0/0,33,33,mayo,FALSE
850,0/1,0/0,34,34,mayo,FALSE
851,0/0,0/0,33,33,mayo,FALSE
859,0/0,0/0,33,33,mayo,FALSE
871,0/0,0/0,33,33,mayo,FALSE
886,0/1,0/0,34,34,mayo,FALSE
892,0/0,0/0,33,33,mayo,FALSE
894,0/0,0/0,33,33,mayo,FALSE
896,0/1,0/0,34,34,mayo,FALSE
931,0/0,0/0,33,33,mayo,FALSE
933,0/1,0/0,34,34,mayo,FALSE
937,0/1,0/0,34,34,mayo,FALSE
946,0/0,0/0,33,33,mayo,FALSE
948,0/0,0/0,33,33,mayo,FALSE
952,0/1,0/0,34,34,mayo,FALSE
962,0/1,0/0,34,34,mayo,FALSE
966,1-Jan,0/0,44,44,mayo,FALSE
976,0/1,0/0,34,34,mayo,FALSE
981,0/1,0/0,34,34,mayo,FALSE
991,0/1,0/0,34,34,mayo,FALSE
MAP15387421,0/1,0/0,34,34,rosmap,FALSE
MAP22868024,0/0,0/0,33,33,rosmap,FALSE
MAP26637867,0/0,0/0,33,33,rosmap,FALSE
MAP29629849,0/1,0/0,34,34,rosmap,FALSE
MAP33332646,0/1,0/0,34,34,rosmap,FALSE
MAP34726040,0/0,0/1,23,23,rosmap,FALSE
MAP46246604,0/0,0/0,33,33,rosmap,FALSE
MAP46251007,0/0,0/0,33,33,rosmap,FALSE
MAP50103679,0/0,0/0,33,33,rosmap,FALSE
MAP50104134,0/1,0/0,34,34,rosmap,FALSE
MAP50104846,0/1,0/0,34,34,rosmap,FALSE
MAP50106442,0/0,0/0,33,33,rosmap,FALSE
MAP50106992,0/1,0/0,34,34,rosmap,FALSE
MAP50108462,0/0,0/1,23,23,rosmap,FALSE
MAP50301099,0/0,0/0,33,33,rosmap,FALSE
MAP50302680,0/0,0/0,33,33,rosmap,FALSE
MAP50402431,0/0,0/0,33,33,rosmap,FALSE
MAP50409406,0/1,0/1,24,24,rosmap,FALSE
MAP61344957,0/0,0/0,33,33,rosmap,FALSE
MAP85980779,0/0,0/0,33,33,rosmap,FALSE
MAP87264456,0/0,0/0,33,33,rosmap,FALSE
MAP89164957,0/0,0/0,33,33,rosmap,FALSE
MAP93787649,0/0,0/0,33,33,rosmap,FALSE
MAP95330358,0/0,0/0,33,33,rosmap,FALSE
MAP95453354,0/0,0/0,33,33,rosmap,FALSE
ROS10524640,0/1,0/0,34,34,rosmap,FALSE
ROS11430815,0/1,0/0,34,34,rosmap,FALSE
ROS11697592,0/1,0/0,34,34,rosmap,FALSE
ROS15114174,0/0,0/0,33,33,rosmap,FALSE
ROS15738428,0/0,0/0,33,33,rosmap,FALSE
ROS20225051,0/1,0/0,34,34,rosmap,FALSE
ROS20251553,0/0,0/0,33,33,rosmap,FALSE
ROS20254452,0/1,0/0,34,34,rosmap,FALSE
ROS20275399,0/0,0/0,33,33,rosmap,FALSE
ROS20327084,0/0,0/0,33,33,rosmap,FALSE
ROS20376029,0/1,0/0,34,34,rosmap,FALSE
ROS20945666,0/0,0/0,33,34,rosmap,TRUE
ROS20946257,0/1,0/0,34,34,rosmap,FALSE
ROS20990085,0/0,0/0,33,33,rosmap,FALSE
ROS20998065,0/0,0/0,33,33,rosmap,FALSE
ROS21001807,0/0,0/0,33,33,rosmap,FALSE
ROS21112011,0/0,0/0,33,33,rosmap,FALSE
ROS21113864,0/0,0/0,33,33,rosmap,FALSE
ROS21274866,0/0,0/0,33,33,rosmap,FALSE
ROS79590778,0/0,0/0,33,33,rosmap,FALSE
SM-CJEFQ,0/0,0/0,33,33,rosmap,FALSE
SM-CJEFR,0/1,0/0,34,34,rosmap,FALSE
SM-CJEFS,0/0,0/1,23,23,rosmap,FALSE
SM-CJEFU,0/1,0/0,34,34,rosmap,FALSE
SM-CJEFV,0/0,0/0,33,33,rosmap,FALSE
SM-CJEFW,0/1,0/0,34,34,rosmap,FALSE
SM-CJEFX,0/0,0/0,33,33,rosmap,FALSE
SM-CJEFY,0/0,0/0,33,33,rosmap,FALSE
SM-CJEFZ,0/0,0/0,33,33,rosmap,FALSE
SM-CJEG1,0/0,0/0,33,33,rosmap,FALSE
SM-CJEG3,0/0,0/0,33,33,rosmap,FALSE
SM-CJEG4,0/1,0/0,34,34,rosmap,FALSE
SM-CJEG6,0/0,0/1,23,23,rosmap,FALSE
SM-CJEG7,0/0,0/0,33,33,rosmap,FALSE
SM-CJEG8,0/0,0/0,33,33,rosmap,FALSE
SM-CJEG9,0/1,0/0,34,34,rosmap,FALSE
SM-CJEGA,0/0,0/0,33,33,rosmap,FALSE
SM-CJEGB,0/0,0/0,33,33,rosmap,FALSE
SM-CJEGC,0/0,0/1,23,23,rosmap,FALSE
SM-CJEGD,0/0,0/1,23,23,rosmap,FALSE
SM-CJEGE,0/0,0/0,33,33,rosmap,FALSE
SM-CJEGF,0/0,0/0,33,33,rosmap,FALSE
SM-CJEGG,0/0,0/0,33,33,rosmap,FALSE
SM-CJEGH,0/0,0/0,33,33,rosmap,FALSE
SM-CJEGI,0/0,0/0,33,33,rosmap,FALSE
SM-CJEGJ,0/0,0/0,33,33,rosmap,FALSE
SM-CJEGK,0/0,0/0,33,33,rosmap,FALSE
SM-CJEGM,0/0,0/0,33,33,rosmap,FALSE
SM-CJEGN,0/1,0/0,34,,rosmap,
SM-CJEGO,0/0,0/0,33,33,rosmap,FALSE
SM-CJEGP,0/0,0/0,33,33,rosmap,FALSE
SM-CJEGQ,0/0,0/1,23,23,rosmap,FALSE
SM-CJEGR,0/1,0/1,24,24,rosmap,FALSE
SM-CJEGS,0/0,0/1,23,23,rosmap,FALSE
SM-CJEGU,0/0,0/0,33,34,rosmap,TRUE
SM-CJEGV,0/0,0/0,33,33,rosmap,FALSE
SM-CJEGX,0/0,0/0,33,33,rosmap,FALSE
SM-CJEGY,0/1,0/0,34,34,rosmap,FALSE
SM-CJEGZ,0/1,0/0,34,34,rosmap,FALSE
SM-CJEH1,0/0,0/0,33,33,rosmap,FALSE
SM-CJEH2,0/1,0/0,34,34,rosmap,FALSE
SM-CJEH3,0/0,0/0,33,33,rosmap,FALSE
SM-CJEH4,0/0,0/0,33,33,rosmap,FALSE
SM-CJEH5,0/0,0/0,33,33,rosmap,FALSE
SM-CJEH6,0/0,0/1,23,23,rosmap,FALSE
SM-CJEHA,0/0,0/0,33,33,rosmap,FALSE
SM-CJEHD,0/0,0/0,33,33,rosmap,FALSE
SM-CJEHE,0/0,0/1,23,23,rosmap,FALSE
SM-CJEHF,0/0,0/1,23,23,rosmap,FALSE
SM-CJEHG,0/0,0/0,33,33,rosmap,FALSE
SM-CJEHH,0/0,0/0,33,33,rosmap,FALSE
SM-CJEHI,0/0,0/0,33,33,rosmap,FALSE
SM-CJEHJ,0/0,0/0,33,33,rosmap,FALSE
SM-CJEHK,0/0,0/1,23,23,rosmap,FALSE
SM-CJEHL,0/0,0/0,33,33,rosmap,FALSE
SM-CJEHM,0/0,0/0,33,33,rosmap,FALSE
SM-CJEHN,0/0,0/0,33,33,rosmap,FALSE
SM-CJEHP,0/1,0/0,34,34,rosmap,FALSE
SM-CJEHQ,0/1,0/0,34,34,rosmap,FALSE
SM-CJEHR,0/0,0/0,33,33,rosmap,FALSE
SM-CJEHS,0/0,0/0,33,33,rosmap,FALSE
SM-CJEHT,0/0,0/0,33,33,rosmap,FALSE
SM-CJEHU,0/0,0/0,33,33,rosmap,FALSE
SM-CJEHV,0/0,0/0,33,33,rosmap,FALSE
SM-CJEHW,0/0,0/0,33,33,rosmap,FALSE
SM-CJEHX,0/0,0/0,33,33,rosmap,FALSE
SM-CJEHY,0/0,0/0,33,33,rosmap,FALSE
SM-CJEHZ,0/0,0/0,33,33,rosmap,FALSE
SM-CJEI1,0/1,0/0,34,34,rosmap,FALSE
SM-CJEI2,0/0,0/0,33,34,rosmap,TRUE
SM-CJEI3,0/1,0/0,34,34,rosmap,FALSE
SM-CJEI4,0/0,0/0,33,33,rosmap,FALSE
SM-CJEI5,0/1,0/0,34,34,rosmap,FALSE
SM-CJEI6,0/1,0/0,34,34,rosmap,FALSE
SM-CJEI7,0/0,0/1,23,23,rosmap,FALSE
SM-CJEI9,0/0,0/0,33,33,rosmap,FALSE
SM-CJEIA,0/0,0/0,33,34,rosmap,TRUE
SM-CJEIB,0/0,0/0,33,33,rosmap,FALSE
SM-CJEIC,0/0,0/1,23,23,rosmap,FALSE
SM-CJEID,0/1,0/0,34,34,rosmap,FALSE
SM-CJEIE,0/0,0/0,33,33,rosmap,FALSE
SM-CJEIH,0/0,0/0,33,33,rosmap,FALSE
SM-CJEIJ,0/0,0/0,33,33,rosmap,FALSE
SM-CJEIL,0/0,0/0,33,33,rosmap,FALSE
SM-CJEIM,0/0,0/0,33,33,rosmap,FALSE
SM-CJEIN,0/0,0/0,33,33,rosmap,FALSE
SM-CJEIO,0/0,0/0,33,33,rosmap,FALSE
SM-CJEIP,0/0,0/0,33,33,rosmap,FALSE
SM-CJEIQ,0/0,0/0,33,33,rosmap,FALSE
SM-CJEIR,0/0,0/0,33,33,rosmap,FALSE
SM-CJEIS,0/1,0/0,34,34,rosmap,FALSE
SM-CJEIU,0/0,0/0,33,33,rosmap,FALSE
SM-CJEIV,0/1,0/0,34,34,rosmap,FALSE
SM-CJEIW,0/1,0/0,34,34,rosmap,FALSE
SM-CJEIX,0/0,0/0,33,33,rosmap,FALSE
SM-CJEIY,0/0,0/1,23,23,rosmap,FALSE
SM-CJEJ2,0/0,0/1,23,23,rosmap,FALSE
SM-CJEJ3,0/0,0/0,33,33,rosmap,FALSE
SM-CJEJ4,0/0,0/0,33,33,rosmap,FALSE
SM-CJEJ5,0/1,0/0,34,34,rosmap,FALSE
SM-CJEJ6,0/1,0/1,24,24,rosmap,FALSE
SM-CJEJ7,0/1,0/0,34,34,rosmap,FALSE
SM-CJEJ8,0/0,0/0,33,33,rosmap,FALSE
SM-CJEJ9,0/0,0/0,33,33,rosmap,FALSE
SM-CJEJA,0/1,0/0,34,34,rosmap,FALSE
SM-CJEJB,0/0,0/0,33,33,rosmap,FALSE
SM-CJEJD,0/0,0/0,33,33,rosmap,FALSE
SM-CJEJE,0/0,0/1,23,23,rosmap,FALSE
SM-CJEJG,0/0,0/0,33,33,rosmap,FALSE
SM-CJEJH,0/0,0/1,23,23,rosmap,FALSE
SM-CJEJI,0/1,0/0,34,,rosmap,
SM-CJEJJ,0/1,0/0,34,34,rosmap,FALSE
SM-CJEJK,0/1,0/0,34,34,rosmap,FALSE
SM-CJEJL,0/0,0/0,33,33,rosmap,FALSE
SM-CJEJM,0/0,0/0,33,33,rosmap,FALSE
SM-CJEJN,0/1,0/0,34,34,rosmap,FALSE
SM-CJEJO,0/0,0/0,33,33,rosmap,FALSE
SM-CJEJP,0/0,0/0,33,33,rosmap,FALSE
SM-CJEJQ,0/0,0/0,33,33,rosmap,FALSE
SM-CJEJR,0/0,0/0,33,33,rosmap,FALSE
SM-CJEJS,0/0,0/0,33,33,rosmap,FALSE
SM-CJEJT,0/1,0/1,24,24,rosmap,FALSE
SM-CJEJU,0/0,0/0,33,33,rosmap,FALSE
SM-CJEJV,0/1,0/0,34,34,rosmap,FALSE
SM-CJEJW,0/1,0/0,34,34,rosmap,FALSE
SM-CJEJY,0/0,0/0,33,33,rosmap,FALSE
SM-CJEJZ,0/0,0/0,33,33,rosmap,FALSE
SM-CJEK1,1-Jan,0/0,44,44,rosmap,FALSE
SM-CJEK3,0/0,0/0,33,33,rosmap,FALSE
SM-CJEK4,0/0,0/0,33,33,rosmap,FALSE
SM-CJEK5,0/1,0/0,34,34,rosmap,FALSE
SM-CJEK6,0/0,0/0,33,33,rosmap,FALSE
SM-CJEK7,0/0,0/0,33,33,rosmap,FALSE
SM-CJEK9,0/0,0/0,33,33,rosmap,FALSE
SM-CJEKA,0/0,0/0,33,33,rosmap,FALSE
SM-CJEKB,0/0,0/0,33,33,rosmap,FALSE
SM-CJEKC,0/0,0/0,33,33,rosmap,FALSE
SM-CJEKE,0/1,0/0,34,34,rosmap,FALSE
SM-CJEKF,0/1,0/0,34,34,rosmap,FALSE
SM-CJEKG,0/0,0/1,23,23,rosmap,FALSE
SM-CJEKH,0/1,0/0,34,34,rosmap,FALSE
SM-CJEKI,0/0,0/0,33,34,rosmap,TRUE
SM-CJEKJ,0/0,0/0,33,33,rosmap,FALSE
SM-CJEKK,0/0,0/0,33,33,rosmap,FALSE
SM-CJEKL,0/0,0/0,33,33,rosmap,FALSE
SM-CJEKM,0/0,0/0,33,33,rosmap,FALSE
SM-CJEKN,0/0,0/0,33,33,rosmap,FALSE
SM-CJEKO,0/0,0/1,23,23,rosmap,FALSE
SM-CJEKP,0/1,0/0,34,34,rosmap,FALSE
SM-CJEKQ,0/0,0/0,33,33,rosmap,FALSE
SM-CJEKR,0/0,0/0,33,33,rosmap,FALSE
SM-CJEKS,0/1,0/0,34,34,rosmap,FALSE
SM-CJEKV,0/0,0/0,33,33,rosmap,FALSE
SM-CJEKW,0/0,0/0,33,33,rosmap,FALSE
SM-CJEKX,0/0,0/0,33,33,rosmap,FALSE
SM-CJEKY,0/0,0/0,33,33,rosmap,FALSE
SM-CJEKZ,0/0,0/0,33,33,rosmap,FALSE
SM-CJEL2,0/0,0/0,33,33,rosmap,FALSE
SM-CJEL3,0/0,0/0,33,34,rosmap,TRUE
SM-CJEL6,0/0,0/0,33,33,rosmap,FALSE
SM-CJEL7,0/0,0/0,33,33,rosmap,FALSE
SM-CJFK4,0/0,0/0,33,33,rosmap,FALSE
SM-CJFK5,0/0,0/0,33,33,rosmap,FALSE
SM-CJFK6,0/1,0/0,34,34,rosmap,FALSE
SM-CJFK7,0/0,0/0,33,33,rosmap,FALSE
SM-CJFK8,0/0,0/0,33,33,rosmap,FALSE
SM-CJFK9,0/0,0/0,33,33,rosmap,FALSE
SM-CJFKA,0/0,0/1,23,23,rosmap,FALSE
SM-CJFKB,0/0,0/0,33,33,rosmap,FALSE
SM-CJFKD,0/0,0/0,33,33,rosmap,FALSE
SM-CJFKE,0/0,0/1,23,23,rosmap,FALSE
SM-CJFKF,0/0,0/0,33,33,rosmap,FALSE
SM-CJFKG,0/1,0/0,34,34,rosmap,FALSE
SM-CJFKH,0/0,0/0,33,33,rosmap,FALSE
SM-CJFKI,0/1,0/0,34,34,rosmap,FALSE
SM-CJFKJ,0/0,0/0,33,33,rosmap,FALSE
SM-CJFKK,0/0,0/0,33,33,rosmap,FALSE
SM-CJFKM,0/0,0/0,33,33,rosmap,FALSE
SM-CJFKO,0/1,0/0,34,34,rosmap,FALSE
SM-CJFKP,1-Jan,0/0,44,34,rosmap,TRUE
SM-CJFKQ,0/0,0/0,33,33,rosmap,FALSE
SM-CJFKR,0/1,0/0,34,34,rosmap,FALSE
SM-CJFKS,0/0,0/0,33,33,rosmap,FALSE
SM-CJFKT,0/0,0/0,33,33,rosmap,FALSE
SM-CJFKU,0/1,0/0,34,34,rosmap,FALSE
SM-CJFKV,0/0,0/1,23,23,rosmap,FALSE
SM-CJFKW,0/0,0/0,33,33,rosmap,FALSE
SM-CJFKX,0/0,0/1,23,23,rosmap,FALSE
SM-CJFKY,0/0,0/0,33,33,rosmap,FALSE
SM-CJFKZ,0/0,0/0,33,33,rosmap,FALSE
SM-CJFL3,0/0,0/0,33,33,rosmap,FALSE
SM-CJFL4,0/0,0/0,33,33,rosmap,FALSE
SM-CJFL5,0/0,0/0,33,33,rosmap,FALSE
SM-CJFL7,0/0,0/0,33,33,rosmap,FALSE
SM-CJFL8,0/0,0/1,23,23,rosmap,FALSE
SM-CJFL9,0/0,0/1,23,23,rosmap,FALSE
SM-CJFLA,0/0,0/0,33,33,rosmap,FALSE
SM-CJFLB,0/0,0/0,33,33,rosmap,FALSE
SM-CJFLC,0/0,0/0,33,33,rosmap,FALSE
SM-CJFLD,0/0,0/0,33,33,rosmap,FALSE
SM-CJFLE,0/1,0/0,34,34,rosmap,FALSE
SM-CJFLF,0/0,0/0,33,33,rosmap,FALSE
SM-CJFLG,0/0,0/0,33,33,rosmap,FALSE
SM-CJFLH,0/0,0/0,33,33,rosmap,FALSE
SM-CJFLI,0/1,0/0,34,34,rosmap,FALSE
SM-CJFLL,0/1,0/0,34,34,rosmap,FALSE
SM-CJFLM,0/0,0/0,33,33,rosmap,FALSE
SM-CJFLO,0/1,0/0,34,34,rosmap,FALSE
SM-CJFLQ,0/0,0/1,23,23,rosmap,FALSE
SM-CJFLR,0/0,0/0,33,33,rosmap,FALSE
SM-CJFLS,0/0,0/0,33,33,rosmap,FALSE
SM-CJFLT,0/0,0/1,23,23,rosmap,FALSE
SM-CJFLV,0/1,0/0,34,34,rosmap,FALSE
SM-CJFLW,0/0,0/0,33,33,rosmap,FALSE
SM-CJFLX,0/0,0/0,33,33,rosmap,FALSE
SM-CJFLY,0/0,0/0,33,33,rosmap,FALSE
SM-CJFLZ,0/0,0/0,33,33,rosmap,FALSE
SM-CJFM1,0/0,0/0,33,33,rosmap,FALSE
SM-CJFM2,0/0,0/0,33,33,rosmap,FALSE
SM-CJFM3,0/0,0/0,33,33,rosmap,FALSE
SM-CJFM4,0/0,0/0,33,33,rosmap,FALSE
SM-CJFM5,0/1,0/0,34,34,rosmap,FALSE
SM-CJFM6,0/0,0/0,33,33,rosmap,FALSE
SM-CJFM7,0/0,0/0,33,33,rosmap,FALSE
SM-CJFM8,0/0,0/0,33,33,rosmap,FALSE
SM-CJFM9,0/0,0/1,23,23,rosmap,FALSE
SM-CJFMA,0/0,0/0,33,33,rosmap,FALSE
SM-CJFMB,0/0,0/1,23,23,rosmap,FALSE
SM-CJFMD,0/1,0/0,34,34,rosmap,FALSE
SM-CJFME,0/0,0/0,33,33,rosmap,FALSE
SM-CJFMH,0/0,0/0,33,33,rosmap,FALSE
SM-CJFMJ,0/0,0/0,33,33,rosmap,FALSE
SM-CJFMK,0/1,0/0,34,34,rosmap,FALSE
SM-CJFMM,0/0,0/0,33,33,rosmap,FALSE
SM-CJFMO,0/1,0/0,34,34,rosmap,FALSE
SM-CJFMP,0/0,0/0,33,33,rosmap,FALSE
SM-CJFMQ,0/0,0/0,33,33,rosmap,FALSE
SM-CJFMR,0/0,0/0,33,33,rosmap,FALSE
SM-CJFMT,0/1,0/0,34,34,rosmap,FALSE
SM-CJFMU,0/0,0/0,33,33,rosmap,FALSE
SM-CJFMV,0/0,0/0,33,33,rosmap,FALSE
SM-CJFMW,0/0,0/0,33,33,rosmap,FALSE
SM-CJFMX,0/0,0/0,33,33,rosmap,FALSE
SM-CJFMY,0/0,0/0,33,33,rosmap,FALSE
SM-CJFMZ,0/0,0/0,33,33,rosmap,FALSE
SM-CJFN1,0/0,0/0,33,33,rosmap,FALSE
SM-CJFN2,0/1,0/0,34,34,rosmap,FALSE
SM-CJFN3,0/1,0/0,34,34,rosmap,FALSE
SM-CJFN4,0/0,0/0,33,33,rosmap,FALSE
SM-CJFN5,0/0,0/0,33,33,rosmap,FALSE
SM-CJFN6,0/0,0/0,33,33,rosmap,FALSE
SM-CJFN7,0/1,0/0,34,34,rosmap,FALSE
SM-CJFN8,0/0,0/0,33,33,rosmap,FALSE
SM-CJFN9,0/0,0/0,33,33,rosmap,FALSE
SM-CJFNA,0/0,0/0,33,33,rosmap,FALSE
SM-CJFNB,0/0,0/0,33,33,rosmap,FALSE
SM-CJFNC,0/1,0/1,24,24,rosmap,FALSE
SM-CJFND,0/0,0/0,33,33,rosmap,FALSE
SM-CJFNE,0/0,0/0,33,33,rosmap,FALSE
SM-CJFNF,0/0,0/0,33,33,rosmap,FALSE
SM-CJFNG,0/1,0/0,34,34,rosmap,FALSE
SM-CJFNH,0/0,0/0,33,33,rosmap,FALSE
SM-CJFNI,0/0,0/0,33,33,rosmap,FALSE
SM-CJFNJ,1-Jan,0/0,44,44,rosmap,FALSE
SM-CJFNK,0/0,0/0,33,33,rosmap,FALSE
SM-CJFNL,0/0,0/0,33,33,rosmap,FALSE
SM-CJFNM,0/0,0/0,33,33,rosmap,FALSE
SM-CJFNO,0/1,0/0,34,34,rosmap,FALSE
SM-CJFNP,0/1,0/0,34,34,rosmap,FALSE
SM-CJFNQ,0/0,0/0,33,33,rosmap,FALSE
SM-CJFNR,0/0,0/0,33,33,rosmap,FALSE
SM-CJFNS,0/1,0/1,24,24,rosmap,FALSE
SM-CJFNT,0/0,0/0,33,33,rosmap,FALSE
SM-CJFNU,1-Jan,0/0,44,44,rosmap,FALSE
SM-CJFNV,0/0,0/0,33,33,rosmap,FALSE
SM-CJFNW,0/1,0/1,24,24,rosmap,FALSE
SM-CJFNX,0/0,0/0,33,33,rosmap,FALSE
SM-CJFNY,0/0,1-Jan,22,22,rosmap,FALSE
SM-CJFO1,0/1,0/0,34,34,rosmap,FALSE
SM-CJFO2,0/0,0/1,23,23,rosmap,FALSE
SM-CJFO3,0/0,0/0,33,33,rosmap,FALSE
SM-CJFO4,1-Jan,0/0,44,44,rosmap,FALSE
SM-CJFO5,0/0,0/0,33,33,rosmap,FALSE
SM-CJFO6,0/0,0/0,33,33,rosmap,FALSE
SM-CJFO7,0/0,0/1,23,23,rosmap,FALSE
SM-CJFO8,0/0,0/0,33,33,rosmap,FALSE
SM-CJFO9,0/0,0/0,33,33,rosmap,FALSE
SM-CJFOA,0/1,0/0,34,24,rosmap,TRUE
SM-CJFOC,0/1,0/0,34,34,rosmap,FALSE
SM-CJFOD,0/0,0/0,33,33,rosmap,FALSE
SM-CJFOE,0/1,0/0,34,34,rosmap,FALSE
SM-CJFOF,0/1,0/0,34,34,rosmap,FALSE
SM-CJFOH,0/0,0/0,33,33,rosmap,FALSE
SM-CJFOI,0/0,0/0,33,33,rosmap,FALSE
SM-CJFOJ,0/0,0/0,33,33,rosmap,FALSE
SM-CJFOK,0/0,0/0,33,33,rosmap,FALSE
SM-CJFOL,0/0,0/1,23,23,rosmap,FALSE
SM-CJFOM,0/1,0/0,34,34,rosmap,FALSE
SM-CJFON,0/0,0/0,33,33,rosmap,FALSE
SM-CJFOO,0/0,0/0,33,33,rosmap,FALSE
SM-CJFOP,0/0,0/1,23,23,rosmap,FALSE
SM-CJFOQ,0/1,0/0,34,34,rosmap,FALSE
SM-CJFOR,0/1,0/0,34,34,rosmap,FALSE
SM-CJFOS,0/0,0/0,33,33,rosmap,FALSE
SM-CJFOT,0/0,0/0,33,33,rosmap,FALSE
SM-CJFOU,0/0,0/0,33,33,rosmap,FALSE
SM-CJFOV,0/0,0/0,33,33,rosmap,FALSE
SM-CJFOW,0/0,0/0,33,33,rosmap,FALSE
SM-CJFOX,0/0,0/0,33,33,rosmap,FALSE
SM-CJFOY,0/0,0/1,23,23,rosmap,FALSE
SM-CJFOZ,0/1,0/0,34,34,rosmap,FALSE
SM-CJFP1,0/0,0/0,33,33,rosmap,FALSE
SM-CJFP2,0/0,0/0,33,33,rosmap,FALSE
SM-CJFP3,0/1,0/0,34,34,rosmap,FALSE
SM-CJFP4,0/0,0/0,33,33,rosmap,FALSE
SM-CJFP5,0/0,0/0,33,33,rosmap,FALSE
SM-CJFP6,0/1,0/0,34,34,rosmap,FALSE
SM-CJFP7,0/0,0/0,33,33,rosmap,FALSE
SM-CJFP8,0/0,0/1,23,23,rosmap,FALSE
SM-CJFP9,0/0,0/0,33,33,rosmap,FALSE
SM-CJFPA,0/0,0/1,23,23,rosmap,FALSE
SM-CJFPB,0/1,0/0,34,34,rosmap,FALSE
SM-CJFPC,0/0,0/1,23,23,rosmap,FALSE
SM-CJFPD,0/0,0/0,33,33,rosmap,FALSE
SM-CJFPE,0/1,0/0,34,34,rosmap,FALSE
SM-CJFPF,0/0,0/0,33,33,rosmap,FALSE
SM-CJFPG,0/0,0/1,23,23,rosmap,FALSE
SM-CJFPH,0/0,0/0,33,33,rosmap,FALSE
SM-CJFPI,0/0,0/0,33,33,rosmap,FALSE
SM-CJFPJ,0/0,0/1,23,23,rosmap,FALSE
SM-CJFPK,0/0,0/0,33,33,rosmap,FALSE
SM-CJGGK,0/0,0/0,33,33,rosmap,FALSE
SM-CJGGL,0/0,0/0,33,33,rosmap,FALSE
SM-CJGGM,0/0,0/0,33,33,rosmap,FALSE
SM-CJGGN,0/0,0/0,33,33,rosmap,FALSE
SM-CJGGO,0/0,0/0,33,33,rosmap,FALSE
SM-CJGGP,0/1,0/0,34,34,rosmap,FALSE
SM-CJGGQ,0/0,0/0,33,33,rosmap,FALSE
SM-CJGGR,0/0,1-Jan,22,22,rosmap,FALSE
SM-CJGGS,0/0,0/0,33,33,rosmap,FALSE
SM-CJGGT,0/0,0/1,23,23,rosmap,FALSE
SM-CJGGU,0/0,0/0,33,33,rosmap,FALSE
SM-CJGGV,0/0,0/0,33,33,rosmap,FALSE
SM-CJGGW,0/0,0/0,33,33,rosmap,FALSE
SM-CJGGX,0/1,0/1,24,24,rosmap,FALSE
SM-CJGGY,0/0,0/0,33,33,rosmap,FALSE
SM-CJGGZ,0/0,0/0,33,33,rosmap,FALSE
SM-CJGH1,0/1,0/0,34,34,rosmap,FALSE
SM-CJGH2,0/0,0/0,33,33,rosmap,FALSE
SM-CJGH3,0/0,0/0,33,33,rosmap,FALSE
SM-CJGH4,0/0,0/1,23,23,rosmap,FALSE
SM-CJGH5,0/0,0/1,23,23,rosmap,FALSE
SM-CJGH6,0/0,0/0,33,33,rosmap,FALSE
SM-CJGH7,0/0,0/0,33,33,rosmap,FALSE
SM-CJGH8,0/1,0/0,34,34,rosmap,FALSE
SM-CJGH9,0/1,0/0,34,34,rosmap,FALSE
SM-CJGHA,0/0,0/0,33,33,rosmap,FALSE
SM-CJGHB,0/0,0/0,33,33,rosmap,FALSE
SM-CJGHC,1-Jan,0/0,44,44,rosmap,FALSE
SM-CJGHD,0/0,0/0,33,33,rosmap,FALSE
SM-CJGHE,0/0,0/0,33,33,rosmap,FALSE
SM-CJGHF,0/0,0/0,33,33,rosmap,FALSE
SM-CJGHG,0/0,0/0,33,33,rosmap,FALSE
SM-CJGHH,0/0,0/0,33,33,rosmap,FALSE
SM-CJGHI,0/0,0/0,33,33,rosmap,FALSE
SM-CJGHJ,0/0,0/0,33,33,rosmap,FALSE
SM-CJGHK,0/1,0/0,34,34,rosmap,FALSE
SM-CJGHL,0/0,0/0,33,33,rosmap,FALSE
SM-CJGHM,0/0,0/1,23,23,rosmap,FALSE
SM-CJGHN,0/1,0/0,34,34,rosmap,FALSE
SM-CJGHO,0/1,0/0,34,34,rosmap,FALSE
SM-CJGHP,0/0,0/0,33,33,rosmap,FALSE
SM-CJGHQ,0/1,0/0,34,34,rosmap,FALSE
SM-CJGHR,0/1,0/0,34,34,rosmap,FALSE
SM-CJGHS,0/0,0/0,33,33,rosmap,FALSE
SM-CJGHT,0/0,0/0,33,33,rosmap,FALSE
SM-CJGHU,0/0,0/0,33,33,rosmap,FALSE
SM-CJGHV,0/1,0/0,34,34,rosmap,FALSE
SM-CJGHW,0/0,0/0,33,33,rosmap,FALSE
SM-CJGHX,0/0,0/0,33,33,rosmap,FALSE
SM-CJGHY,0/1,0/1,24,24,rosmap,FALSE
SM-CJGHZ,0/0,0/0,33,33,rosmap,FALSE
SM-CJGI1,0/0,0/0,33,33,rosmap,FALSE
SM-CJGI2,0/1,0/0,34,34,rosmap,FALSE
SM-CJGI4,0/0,0/0,33,33,rosmap,FALSE
SM-CJGI5,0/0,0/0,33,33,rosmap,FALSE
SM-CJGI6,0/1,0/0,34,34,rosmap,FALSE
SM-CJGI8,0/0,0/1,23,23,rosmap,FALSE
SM-CJGI9,0/0,0/0,33,33,rosmap,FALSE
SM-CJGIA,0/1,0/0,34,34,rosmap,FALSE
SM-CJGIB,0/1,0/1,24,24,rosmap,FALSE
SM-CJGIC,0/1,0/0,34,34,rosmap,FALSE
SM-CJGID,0/0,0/1,23,23,rosmap,FALSE
SM-CJGIE,0/0,0/1,23,23,rosmap,FALSE
SM-CJGIF,0/0,0/0,33,33,rosmap,FALSE
SM-CJGIG,0/0,0/0,33,33,rosmap,FALSE
SM-CJGIH,0/1,0/0,34,34,rosmap,FALSE
SM-CJGII,0/1,0/1,24,24,rosmap,FALSE
SM-CJGIJ,0/0,0/0,33,33,rosmap,FALSE
SM-CJGIK,0/0,0/0,33,33,rosmap,FALSE
SM-CJGIL,0/0,0/0,33,33,rosmap,FALSE
SM-CJGIM,0/0,0/0,33,33,rosmap,FALSE
SM-CJGIN,0/0,0/0,33,33,rosmap,FALSE
SM-CJGIP,0/1,0/0,34,34,rosmap,FALSE
SM-CJGIQ,0/0,0/1,23,23,rosmap,FALSE
SM-CJGIR,0/0,0/0,33,33,rosmap,FALSE
SM-CJGIS,0/0,0/0,33,33,rosmap,FALSE
SM-CJGIT,0/0,0/1,23,23,rosmap,FALSE
SM-CJGIU,0/0,0/0,33,33,rosmap,FALSE
SM-CJGIV,1-Jan,0/0,44,44,rosmap,FALSE
SM-CJGIW,0/0,0/0,33,33,rosmap,FALSE
SM-CJGIX,0/0,0/0,33,33,rosmap,FALSE
SM-CJGIY,0/0,1-Jan,22,22,rosmap,FALSE
SM-CJGIZ,0/0,0/0,33,33,rosmap,FALSE
SM-CJGJ1,0/1,0/0,34,34,rosmap,FALSE
SM-CJGJ2,0/1,0/0,34,34,rosmap,FALSE
SM-CJGJ3,0/0,0/0,33,33,rosmap,FALSE
SM-CJGJ4,0/1,0/0,34,34,rosmap,FALSE
SM-CJGJ5,0/0,0/0,33,33,rosmap,FALSE
SM-CJGJ7,0/1,0/0,34,34,rosmap,FALSE
SM-CJGJ8,0/1,0/0,34,34,rosmap,FALSE
SM-CJGJ9,0/0,0/1,23,23,rosmap,FALSE
SM-CJGJA,0/0,0/0,33,33,rosmap,FALSE
SM-CJGLD,0/0,0/0,33,33,rosmap,FALSE
SM-CJGLE,0/0,0/0,33,33,rosmap,FALSE
SM-CJGLF,0/0,0/0,33,33,rosmap,FALSE
SM-CJGLG,0/0,0/0,33,33,rosmap,FALSE
SM-CJGLH,0/0,0/1,23,23,rosmap,FALSE
SM-CJGLI,0/1,0/0,34,34,rosmap,FALSE
SM-CJGLJ,0/0,0/0,33,33,rosmap,FALSE
SM-CJGLK,0/0,0/1,23,23,rosmap,FALSE
SM-CJGLM,0/0,0/0,33,33,rosmap,FALSE
SM-CJGLP,0/0,0/0,33,33,rosmap,FALSE
SM-CJGLQ,0/1,0/0,34,34,rosmap,FALSE
SM-CJGLR,0/1,0/0,34,34,rosmap,FALSE
SM-CJGLS,0/1,0/0,34,34,rosmap,FALSE
SM-CJGLT,0/0,0/0,33,33,rosmap,FALSE
SM-CJGLU,0/0,0/0,33,33,rosmap,FALSE
SM-CJGLV,0/0,0/0,33,33,rosmap,FALSE
SM-CJGLW,0/1,0/0,34,34,rosmap,FALSE
SM-CJGLX,0/0,0/0,33,33,rosmap,FALSE
SM-CJGLY,0/0,1-Jan,22,22,rosmap,FALSE
SM-CJGLZ,0/0,0/0,33,33,rosmap,FALSE
SM-CJGM2,0/0,0/0,33,33,rosmap,FALSE
SM-CJGM3,0/0,0/1,23,23,rosmap,FALSE
SM-CJGM4,0/0,0/0,33,33,rosmap,FALSE
SM-CJGM5,0/0,0/0,33,33,rosmap,FALSE
SM-CJGM6,0/1,0/0,34,34,rosmap,FALSE
SM-CJGM7,0/0,0/0,33,33,rosmap,FALSE
SM-CJGM8,0/0,0/0,33,33,rosmap,FALSE
SM-CJGM9,0/0,0/0,33,33,rosmap,FALSE
SM-CJGMA,0/0,0/0,33,33,rosmap,FALSE
SM-CJGMC,0/0,0/0,33,33,rosmap,FALSE
SM-CJGMD,0/0,0/0,33,33,rosmap,FALSE
SM-CJGMG,0/0,0/0,33,33,rosmap,FALSE
SM-CJGMH,0/0,0/1,23,23,rosmap,FALSE
SM-CJGMI,0/0,0/0,33,33,rosmap,FALSE
SM-CJGMJ,0/0,0/0,33,33,rosmap,FALSE
SM-CJGMK,0/0,0/0,33,33,rosmap,FALSE
SM-CJGML,0/1,0/0,34,34,rosmap,FALSE
SM-CJGMM,0/0,0/0,33,33,rosmap,FALSE
SM-CJGMN,0/0,0/0,33,33,rosmap,FALSE
SM-CJGMO,0/0,0/0,33,33,rosmap,FALSE
SM-CJGMP,0/1,0/0,34,34,rosmap,FALSE
SM-CJGMQ,0/0,0/0,33,33,rosmap,FALSE
SM-CJGMR,0/0,0/0,33,33,rosmap,FALSE
SM-CJGMS,0/0,0/0,33,33,rosmap,FALSE
SM-CJGMT,0/1,0/0,34,34,rosmap,FALSE
SM-CJGMU,0/0,0/0,33,33,rosmap,FALSE
SM-CJGMV,0/0,0/0,33,33,rosmap,FALSE
SM-CJGMX,0/0,0/0,33,33,rosmap,FALSE
SM-CJGMY,0/1,0/0,34,34,rosmap,FALSE
SM-CJGMZ,0/0,0/0,33,33,rosmap,FALSE
SM-CJGN1,0/1,0/0,34,34,rosmap,FALSE
SM-CJGN2,0/1,0/0,34,34,rosmap,FALSE
SM-CJGN3,0/0,0/0,33,33,rosmap,FALSE
SM-CJGN4,0/0,0/0,33,33,rosmap,FALSE
SM-CJGN5,0/0,0/0,33,33,rosmap,FALSE
SM-CJGN6,0/1,0/0,34,34,rosmap,FALSE
SM-CJGN7,0/1,0/0,34,34,rosmap,FALSE
SM-CJGN9,0/1,0/0,34,34,rosmap,FALSE
SM-CJGNB,0/0,0/0,33,33,rosmap,FALSE
SM-CJGNC,0/0,0/1,23,23,rosmap,FALSE
SM-CJGND,0/1,0/0,34,34,rosmap,FALSE
SM-CJGNE,0/0,0/0,33,33,rosmap,FALSE
SM-CJGNF,0/0,0/0,33,33,rosmap,FALSE
SM-CJGNG,0/0,0/1,23,23,rosmap,FALSE
SM-CJGNH,0/1,0/0,34,34,rosmap,FALSE
SM-CJGNI,0/1,0/0,34,23,rosmap,TRUE
SM-CJGNJ,0/0,0/1,23,23,rosmap,FALSE
SM-CJGNK,0/0,0/0,33,33,rosmap,FALSE
SM-CJGNL,0/0,0/1,23,23,rosmap,FALSE
SM-CJGNM,0/0,0/0,33,33,rosmap,FALSE
SM-CJGNN,0/0,0/0,33,33,rosmap,FALSE
SM-CJGNO,0/0,0/0,33,33,rosmap,FALSE
SM-CJGNP,0/0,0/0,33,33,rosmap,FALSE
SM-CJGNQ,0/0,0/0,33,33,rosmap,FALSE
SM-CJGNS,0/0,0/1,23,23,rosmap,FALSE
SM-CJGNT,0/1,0/0,34,34,rosmap,FALSE
SM-CJGNU,0/0,0/1,23,23,rosmap,FALSE
SM-CJGNX,0/0,0/0,33,33,rosmap,FALSE
SM-CJGNZ,0/0,0/0,33,33,rosmap,FALSE
SM-CJGO1,0/1,0/0,34,34,rosmap,FALSE
SM-CJGO2,0/0,0/1,23,23,rosmap,FALSE
SM-CJGO3,0/1,0/0,34,34,rosmap,FALSE
SM-CJIWR,0/1,0/0,34,34,rosmap,FALSE
SM-CJIWS,0/1,0/0,34,34,rosmap,FALSE
SM-CJIWT,0/0,0/1,23,23,rosmap,FALSE
SM-CJIWU,0/0,0/0,33,33,rosmap,FALSE
SM-CJIWV,0/1,0/0,34,34,rosmap,FALSE
SM-CJIWW,0/0,0/1,23,23,rosmap,FALSE
SM-CJIWX,0/1,0/1,24,24,rosmap,FALSE
SM-CJIWY,0/1,0/0,34,34,rosmap,FALSE
SM-CJIX1,0/0,0/0,33,33,rosmap,FALSE
SM-CJIX2,0/1,0/0,34,34,rosmap,FALSE
SM-CJIX3,0/0,0/0,33,33,rosmap,FALSE
SM-CJIX4,0/0,0/0,33,34,rosmap,TRUE
SM-CJIX5,0/0,0/0,33,33,rosmap,FALSE
SM-CJIX6,0/0,0/0,33,33,rosmap,FALSE
SM-CJIX8,0/1,0/0,34,34,rosmap,FALSE
SM-CJIX9,0/1,0/0,34,34,rosmap,FALSE
SM-CJIXA,0/0,0/0,33,33,rosmap,FALSE
SM-CJIXB,0/0,0/0,33,33,rosmap,FALSE
SM-CJIXC,0/1,0/0,34,34,rosmap,FALSE
SM-CJIXD,0/0,0/0,33,33,rosmap,FALSE
SM-CJIXE,0/1,0/0,34,34,rosmap,FALSE
SM-CJIXG,0/0,0/0,33,33,rosmap,FALSE
SM-CJIXH,0/1,0/0,34,34,rosmap,FALSE
SM-CJIXI,0/0,0/0,33,33,rosmap,FALSE
SM-CJIXJ,0/0,0/0,33,33,rosmap,FALSE
SM-CJIXK,0/0,0/0,33,33,rosmap,FALSE
SM-CJIXL,0/1,0/0,34,34,rosmap,FALSE
SM-CJIXM,0/0,0/0,33,33,rosmap,FALSE
SM-CJIXO,0/0,0/1,23,23,rosmap,FALSE
SM-CJIXP,0/1,0/0,34,34,rosmap,FALSE
SM-CJIXQ,0/0,0/0,33,33,rosmap,FALSE
SM-CJIXR,0/0,0/0,33,33,rosmap,FALSE
SM-CJIXS,0/0,0/1,23,23,rosmap,FALSE
SM-CJIXT,0/0,0/1,23,23,rosmap,FALSE
SM-CJIXU,0/0,0/0,33,33,rosmap,FALSE
SM-CJIXV,0/0,0/0,33,33,rosmap,FALSE
SM-CJIXW,0/0,0/0,33,33,rosmap,FALSE
SM-CJIXX,0/1,0/0,34,34,rosmap,FALSE
SM-CJIXY,0/0,0/0,33,33,rosmap,FALSE
SM-CJIXZ,0/0,0/1,23,23,rosmap,FALSE
SM-CJIY1,0/0,0/0,33,33,rosmap,FALSE
SM-CJIY2,0/1,0/0,34,34,rosmap,FALSE
SM-CJIY3,0/0,0/0,33,33,rosmap,FALSE
SM-CJIY4,0/0,0/0,33,33,rosmap,FALSE
SM-CJIY5,0/0,0/1,23,23,rosmap,FALSE
SM-CJIY6,0/0,0/0,33,33,rosmap,FALSE
SM-CJIY7,0/1,0/0,34,34,rosmap,FALSE
SM-CJIY8,0/0,0/0,33,33,rosmap,FALSE
SM-CJIY9,0/0,0/0,33,33,rosmap,FALSE
SM-CJIYA,0/1,0/0,34,34,rosmap,FALSE
SM-CJIYB,0/0,0/0,33,33,rosmap,FALSE
SM-CJIYC,0/0,0/1,23,23,rosmap,FALSE
SM-CJIYD,0/0,0/0,33,33,rosmap,FALSE
SM-CJIYE,0/0,0/0,33,33,rosmap,FALSE
SM-CJIYF,0/0,0/0,33,33,rosmap,FALSE
SM-CJIYG,0/0,0/0,33,33,rosmap,FALSE
SM-CJIYH,0/0,0/0,33,33,rosmap,FALSE
SM-CJIYI,0/0,0/0,33,33,rosmap,FALSE
SM-CJIYJ,0/0,0/0,33,33,rosmap,FALSE
SM-CJIYK,0/0,0/1,23,23,rosmap,FALSE
SM-CJIYL,0/0,0/0,33,33,rosmap,FALSE
SM-CJIYM,0/1,0/0,34,34,rosmap,FALSE
SM-CJIYN,0/0,0/0,33,33,rosmap,FALSE
SM-CJIYP,0/1,0/0,34,34,rosmap,FALSE
SM-CJIYQ,0/0,0/0,33,33,rosmap,FALSE
SM-CJIYR,0/0,0/0,33,33,rosmap,FALSE
SM-CJIYU,0/1,0/0,34,34,rosmap,FALSE
SM-CJIYV,0/0,0/0,33,33,rosmap,FALSE
SM-CJIYW,0/0,0/0,33,33,rosmap,FALSE
SM-CJIYX,0/1,0/0,34,34,rosmap,FALSE
SM-CJIYY,0/0,0/0,33,33,rosmap,FALSE
SM-CJIYZ,0/1,0/0,34,34,rosmap,FALSE
SM-CJIZ1,0/0,0/0,33,33,rosmap,FALSE
SM-CJIZ4,0/0,0/0,33,33,rosmap,FALSE
SM-CJIZ5,0/1,0/0,34,34,rosmap,FALSE
SM-CJIZ8,0/1,0/1,24,24,rosmap,FALSE
SM-CJIZD,0/0,0/0,33,33,rosmap,FALSE
SM-CJIZF,0/0,0/0,33,33,rosmap,FALSE
SM-CJIZG,1-Jan,0/0,44,44,rosmap,FALSE
SM-CJIZH,0/0,0/0,33,33,rosmap,FALSE
SM-CJIZI,0/0,0/0,33,33,rosmap,FALSE
SM-CJIZJ,0/0,0/0,33,33,rosmap,FALSE
SM-CJIZK,0/0,0/0,33,33,rosmap,FALSE
SM-CJIZL,0/0,1-Jan,22,22,rosmap,FALSE
SM-CJIZM,0/0,0/0,33,33,rosmap,FALSE
SM-CJIZO,0/0,0/0,33,33,rosmap,FALSE
SM-CJIZP,0/0,0/0,33,33,rosmap,FALSE
SM-CJIZQ,0/0,0/0,33,33,rosmap,FALSE
SM-CJIZR,0/0,0/0,33,33,rosmap,FALSE
SM-CJIZS,0/0,0/1,23,23,rosmap,FALSE
SM-CJIZT,0/0,0/0,33,33,rosmap,FALSE
SM-CJIZV,0/0,0/1,23,23,rosmap,FALSE
SM-CJIZX,1-Jan,0/0,44,44,rosmap,FALSE
SM-CJIZY,0/0,0/0,33,33,rosmap,FALSE
SM-CJIZZ,0/0,0/1,23,23,rosmap,FALSE
SM-CJJ11,0/0,0/0,33,33,rosmap,FALSE
SM-CJJ12,0/1,0/0,34,34,rosmap,FALSE
SM-CJJ13,0/0,0/0,33,33,rosmap,FALSE
SM-CJJ14,0/0,0/1,23,23,rosmap,FALSE
SM-CJJ15,1-Jan,0/0,44,44,rosmap,FALSE
SM-CJJ16,0/0,0/0,33,33,rosmap,FALSE
SM-CJJ17,0/0,0/0,33,33,rosmap,FALSE
SM-CJJ18,0/0,0/0,33,33,rosmap,FALSE
SM-CJJ19,0/1,0/0,34,34,rosmap,FALSE
SM-CJJ1A,0/0,0/1,23,23,rosmap,FALSE
SM-CJJ1B,0/0,0/1,23,23,rosmap,FALSE
SM-CJJ1C,0/0,0/0,33,33,rosmap,FALSE
SM-CJJ1D,0/0,0/0,33,33,rosmap,FALSE
SM-CJJ1E,0/0,0/0,33,33,rosmap,FALSE
SM-CJJ1F,0/0,0/0,33,33,rosmap,FALSE
SM-CJJ1G,0/0,0/0,33,33,rosmap,FALSE
SM-CJJ1H,0/1,0/0,34,34,rosmap,FALSE
SM-CJJ1I,0/0,0/0,33,33,rosmap,FALSE
SM-CJJ1J,0/0,0/0,33,33,rosmap,FALSE
SM-CJJ1K,0/0,0/0,33,33,rosmap,FALSE
SM-CJJ1L,0/0,0/1,23,23,rosmap,FALSE
SM-CJJ1M,0/0,0/0,33,23,rosmap,TRUE
SM-CJJ1N,0/0,0/0,33,33,rosmap,FALSE
SM-CJJ1O,0/1,0/0,34,34,rosmap,FALSE
SM-CJJ1P,0/0,0/0,33,33,rosmap,FALSE
SM-CJJ1Q,0/0,0/0,33,33,rosmap,FALSE
SM-CJJ1R,0/0,0/0,33,33,rosmap,FALSE
SM-CJJ1S,0/0,0/1,23,23,rosmap,FALSE
SM-CJJ1T,0/0,0/0,33,33,rosmap,FALSE
SM-CJJ1U,0/0,0/0,33,33,rosmap,FALSE
SM-CJJ1W,0/1,0/0,34,34,rosmap,FALSE
SM-CJJ1X,1-Jan,0/0,44,44,rosmap,FALSE
SM-CJJ1Y,0/0,0/0,33,33,rosmap,FALSE
SM-CJJ1Z,0/0,0/0,33,33,rosmap,FALSE
SM-CJJ21,0/0,0/0,33,33,rosmap,FALSE
SM-CJJ22,0/1,0/0,34,34,rosmap,FALSE
SM-CJJ23,0/1,0/0,34,34,rosmap,FALSE
SM-CJJ24,0/0,0/0,33,33,rosmap,FALSE
SM-CJJ25,0/0,0/0,33,33,rosmap,FALSE
SM-CJJ26,0/0,0/0,33,33,rosmap,FALSE
SM-CJJ27,0/1,0/0,34,34,rosmap,FALSE
SM-CJJ28,0/0,0/1,23,23,rosmap,FALSE
SM-CJJ29,0/0,0/1,23,23,rosmap,FALSE
SM-CJJ2A,0/0,0/0,33,33,rosmap,FALSE
SM-CJJ2B,0/0,0/0,33,33,rosmap,FALSE
SM-CJJ2D,0/1,0/0,34,34,rosmap,FALSE
SM-CJJ2E,0/0,0/0,33,33,rosmap,FALSE
SM-CJJ2F,0/0,0/0,33,33,rosmap,FALSE
SM-CJJ2G,0/1,0/0,34,34,rosmap,FALSE
SM-CJJ2H,0/0,0/0,33,33,rosmap,FALSE
SM-CJJ2I,0/0,0/0,33,33,rosmap,FALSE
SM-CJJ2J,0/1,0/1,24,24,rosmap,FALSE
SM-CJJ2K,0/0,0/0,33,33,rosmap,FALSE
SM-CJJ2M,0/0,0/1,23,23,rosmap,FALSE
SM-CJJ2N,0/0,0/0,33,33,rosmap,FALSE
SM-CJJ2O,0/0,0/0,33,33,rosmap,FALSE
SM-CJJ2P,0/0,0/0,33,33,rosmap,FALSE
SM-CJJ2Q,0/0,0/0,33,33,rosmap,FALSE
SM-CJJ2R,0/0,0/0,33,33,rosmap,FALSE
SM-CJJ2S,0/0,0/1,23,23,rosmap,FALSE
SM-CJJ2T,0/0,0/0,33,33,rosmap,FALSE
SM-CJJ2U,0/1,0/0,34,34,rosmap,FALSE
SM-CJJ2V,0/0,0/0,33,33,rosmap,FALSE
SM-CJJ2X,0/1,0/0,34,34,rosmap,FALSE
SM-CJJ2Z,0/1,0/0,34,34,rosmap,FALSE
SM-CJJ31,0/0,0/0,33,33,rosmap,FALSE
SM-CJJ32,0/0,0/0,33,33,rosmap,FALSE
SM-CJJ33,0/0,0/0,33,33,rosmap,FALSE
SM-CJJ34,0/1,0/0,34,34,rosmap,FALSE
SM-CJJ35,1-Jan,0/0,44,44,rosmap,FALSE
SM-CJJ38,0/0,0/1,23,23,rosmap,FALSE
SM-CJK3B,0/0,0/0,33,33,rosmap,FALSE
SM-CJK3C,0/0,0/0,33,33,rosmap,FALSE
SM-CJK3D,0/0,0/1,23,23,rosmap,FALSE
SM-CJK3E,0/0,0/0,33,33,rosmap,FALSE
SM-CJK3F,0/1,0/1,24,24,rosmap,FALSE
SM-CJK3G,0/0,0/0,33,33,rosmap,FALSE
SM-CJK3I,0/0,0/1,23,23,rosmap,FALSE
SM-CJK3J,0/1,0/0,34,34,rosmap,FALSE
SM-CJK3K,0/0,0/0,33,33,rosmap,FALSE
SM-CJK3L,0/1,0/0,34,34,rosmap,FALSE
SM-CJK3O,0/0,0/0,33,33,rosmap,FALSE
SM-CJK3P,0/0,0/0,33,33,rosmap,FALSE
SM-CJK3R,0/1,0/0,34,34,rosmap,FALSE
SM-CJK3S,0/0,0/0,33,33,rosmap,FALSE
SM-CJK3T,0/0,0/1,23,23,rosmap,FALSE
SM-CJK3V,0/1,0/0,34,34,rosmap,FALSE
SM-CJK3W,0/0,0/0,33,33,rosmap,FALSE
SM-CJK3X,0/1,0/0,34,34,rosmap,FALSE
SM-CJK3Y,0/0,0/1,23,23,rosmap,FALSE
SM-CJK3Z,0/0,0/0,33,33,rosmap,FALSE
SM-CJK41,0/1,0/0,34,34,rosmap,FALSE
SM-CJK42,0/0,0/0,33,33,rosmap,FALSE
SM-CJK43,0/1,0/0,34,33,rosmap,TRUE
SM-CJK44,0/0,0/0,33,33,rosmap,FALSE
SM-CJK45,0/1,0/0,34,34,rosmap,FALSE
SM-CJK46,0/0,0/0,33,33,rosmap,FALSE
SM-CJK47,0/0,0/0,33,33,rosmap,FALSE
SM-CJK48,0/0,0/0,33,33,rosmap,FALSE
SM-CJK49,0/1,0/0,34,34,rosmap,FALSE
SM-CJK4A,0/1,0/0,34,34,rosmap,FALSE
SM-CJK4C,0/0,0/1,23,23,rosmap,FALSE
SM-CJK4G,0/0,0/0,33,33,rosmap,FALSE
SM-CJK4H,0/0,0/0,33,33,rosmap,FALSE
SM-CJK4I,0/1,0/0,34,34,rosmap,FALSE
SM-CJK4J,0/0,0/0,33,33,rosmap,FALSE
SM-CJK4L,0/0,0/0,33,33,rosmap,FALSE
SM-CJK4M,0/0,0/0,33,33,rosmap,FALSE
SM-CJK4N,0/0,0/0,33,33,rosmap,FALSE
SM-CJK4O,0/0,0/0,33,33,rosmap,FALSE
SM-CJK4P,0/0,0/1,23,23,rosmap,FALSE
SM-CJK4Q,0/0,0/1,23,23,rosmap,FALSE
SM-CJK4R,0/0,0/1,23,23,rosmap,FALSE
SM-CJK4S,0/0,0/1,23,23,rosmap,FALSE
SM-CJK4T,0/1,0/0,34,34,rosmap,FALSE
SM-CJK4U,0/0,0/1,23,23,rosmap,FALSE
SM-CJK4V,0/0,0/0,33,33,rosmap,FALSE
SM-CJK4W,0/0,0/0,33,33,rosmap,FALSE
SM-CJK4X,0/1,0/0,34,34,rosmap,FALSE
SM-CJK4Y,0/0,0/0,33,33,rosmap,FALSE
SM-CJK4Z,0/0,0/0,33,33,rosmap,FALSE
SM-CJK51,0/1,0/0,34,34,rosmap,FALSE
SM-CJK52,0/0,0/0,33,33,rosmap,FALSE
SM-CJK53,0/1,0/0,34,34,rosmap,FALSE
SM-CJK54,0/1,0/0,34,34,rosmap,FALSE
SM-CJK55,0/0,0/0,33,33,rosmap,FALSE
SM-CJK56,0/1,0/0,34,34,rosmap,FALSE
SM-CJK57,0/0,0/0,33,33,rosmap,FALSE
SM-CJK58,0/1,0/0,34,34,rosmap,FALSE
SM-CJK59,0/0,0/0,33,33,rosmap,FALSE
SM-CJK5A,0/0,0/0,33,33,rosmap,FALSE
SM-CJK5B,0/0,0/1,23,23,rosmap,FALSE
SM-CJK5C,0/0,0/1,23,23,rosmap,FALSE
SM-CJK5D,0/0,0/0,33,33,rosmap,FALSE
SM-CJK5E,0/1,0/0,34,34,rosmap,FALSE
SM-CJK5F,0/0,0/0,33,33,rosmap,FALSE
SM-CJK5G,0/0,0/1,23,23,rosmap,FALSE
SM-CJK5H,0/1,0/0,34,34,rosmap,FALSE
SM-CJK5I,0/0,0/1,23,23,rosmap,FALSE
SM-CJK5J,0/0,0/0,33,33,rosmap,FALSE
SM-CJK5K,0/0,0/0,33,33,rosmap,FALSE
SM-CJK5L,1-Jan,0/0,44,44,rosmap,FALSE
SM-CJK5N,0/0,0/0,33,33,rosmap,FALSE
SM-CJK5P,0/0,0/0,33,33,rosmap,FALSE
SM-CJK5Q,0/0,0/0,33,33,rosmap,FALSE
SM-CTDQE,0/0,0/0,33,33,rosmap,FALSE
SM-CTDQF,0/1,0/1,24,24,rosmap,FALSE
SM-CTDQG,0/0,0/1,23,23,rosmap,FALSE
SM-CTDQH,0/1,0/0,34,34,rosmap,FALSE
SM-CTDQI,0/1,0/0,34,34,rosmap,FALSE
SM-CTDQJ,0/0,0/0,33,33,rosmap,FALSE
SM-CTDQK,0/0,0/1,23,23,rosmap,FALSE
SM-CTDQL,0/0,0/0,33,33,rosmap,FALSE
SM-CTDQM,0/1,0/0,34,34,rosmap,FALSE
SM-CTDQN,0/0,0/0,33,33,rosmap,FALSE
SM-CTDQO,0/1,0/0,34,34,rosmap,FALSE
SM-CTDQP,0/0,0/0,33,33,rosmap,FALSE
SM-CTDQQ,0/0,0/0,33,33,rosmap,FALSE
SM-CTDQR,0/1,0/0,34,34,rosmap,FALSE
SM-CTDQS,0/0,0/0,33,33,rosmap,FALSE
SM-CTDQT,0/1,0/0,34,34,rosmap,FALSE
SM-CTDQU,0/0,0/1,23,23,rosmap,FALSE
SM-CTDQV,0/1,0/0,34,34,rosmap,FALSE
SM-CTDQW,0/1,0/0,34,34,rosmap,FALSE
SM-CTDQX,0/0,0/0,33,33,rosmap,FALSE
SM-CTDQY,0/0,0/0,33,33,rosmap,FALSE
SM-CTDQZ,0/0,0/0,33,33,rosmap,FALSE
SM-CTDR1,0/0,0/0,33,33,rosmap,FALSE
SM-CTDR2,0/1,0/0,34,34,rosmap,FALSE
SM-CTDR3,0/1,0/0,34,34,rosmap,FALSE
SM-CTDR4,0/0,0/0,33,33,rosmap,FALSE
SM-CTDR5,0/0,0/0,33,33,rosmap,FALSE
SM-CTDR6,0/1,0/0,34,34,rosmap,FALSE
SM-CTDR7,0/0,0/0,33,33,rosmap,FALSE
SM-CTDR8,0/0,0/0,33,33,rosmap,FALSE
SM-CTDR9,0/0,0/0,33,33,rosmap,FALSE
SM-CTDRA,0/1,0/0,34,34,rosmap,FALSE
SM-CTDRB,0/0,0/0,33,33,rosmap,FALSE
SM-CTDRC,0/0,0/0,33,33,rosmap,FALSE
SM-CTDRD,0/0,0/0,33,33,rosmap,FALSE
SM-CTDRE,0/0,0/0,33,33,rosmap,FALSE
SM-CTDRF,0/0,0/0,33,33,rosmap,FALSE
SM-CTDRG,0/1,0/0,34,34,rosmap,FALSE
SM-CTDRH,0/0,0/0,33,33,rosmap,FALSE
SM-CTDRI,0/1,0/0,34,34,rosmap,FALSE
SM-CTDRJ,0/0,0/0,33,33,rosmap,FALSE
SM-CTDRK,0/0,0/0,33,33,rosmap,FALSE
SM-CTDRL,0/1,0/0,34,34,rosmap,FALSE
SM-CTDRM,0/1,0/0,34,34,rosmap,FALSE
SM-CTDRN,0/0,0/0,33,33,rosmap,FALSE
SM-CTDRO,0/0,0/1,23,23,rosmap,FALSE
SM-CTDRP,0/0,0/0,33,33,rosmap,FALSE
SM-CTDRQ,0/0,0/0,33,33,rosmap,FALSE
SM-CTDRR,0/1,0/0,34,34,rosmap,FALSE
SM-CTDRS,0/0,0/0,33,33,rosmap,FALSE
SM-CTDRT,0/0,0/0,33,33,rosmap,FALSE
SM-CTDRU,0/0,0/0,33,33,rosmap,FALSE
SM-CTDRV,0/0,0/0,33,33,rosmap,FALSE
SM-CTDRW,0/0,0/1,23,23,rosmap,FALSE
SM-CTDRX,0/0,0/0,33,33,rosmap,FALSE
SM-CTDRY,0/0,0/1,23,23,rosmap,FALSE
SM-CTDRZ,0/1,0/0,34,34,rosmap,FALSE
SM-CTDS1,0/0,0/1,23,23,rosmap,FALSE
SM-CTDS2,0/0,0/0,33,33,rosmap,FALSE
SM-CTDS3,0/0,0/0,33,33,rosmap,FALSE
SM-CTDS4,0/0,0/0,33,33,rosmap,FALSE
SM-CTDS5,0/0,0/0,33,33,rosmap,FALSE
SM-CTDS6,0/0,0/0,33,33,rosmap,FALSE
SM-CTDS7,0/1,0/0,34,34,rosmap,FALSE
SM-CTDS8,0/0,0/0,33,33,rosmap,FALSE
SM-CTDS9,0/0,0/1,23,23,rosmap,FALSE
SM-CTDSA,0/0,0/0,33,33,rosmap,FALSE
SM-CTDSB,0/0,0/1,23,23,rosmap,FALSE
SM-CTDSC,0/0,0/1,23,23,rosmap,FALSE
SM-CTDSD,0/0,0/0,33,33,rosmap,FALSE
SM-CTDSF,0/0,0/0,33,33,rosmap,FALSE
SM-CTDSG,0/0,0/0,33,33,rosmap,FALSE
SM-CTDSH,0/1,0/0,34,34,rosmap,FALSE
SM-CTDSI,0/0,0/0,33,33,rosmap,FALSE
SM-CTDSJ,1-Jan,0/0,44,44,rosmap,FALSE
SM-CTDSK,0/0,0/0,33,33,rosmap,FALSE
SM-CTDSL,0/0,0/1,23,23,rosmap,FALSE
SM-CTDSM,0/0,0/1,23,23,rosmap,FALSE
SM-CTDSN,0/0,0/0,33,33,rosmap,FALSE
SM-CTDSO,0/0,0/1,23,23,rosmap,FALSE
SM-CTDSP,0/1,0/0,34,34,rosmap,FALSE
SM-CTDSR,0/0,0/1,23,23,rosmap,FALSE
SM-CTDSS,0/0,0/0,33,33,rosmap,FALSE
SM-CTDST,0/0,0/0,33,33,rosmap,FALSE
SM-CTDSU,0/0,0/0,33,33,rosmap,FALSE
SM-CTDSV,0/0,0/1,23,23,rosmap,FALSE
SM-CTDSW,0/0,0/0,33,33,rosmap,FALSE
SM-CTDSX,0/0,0/0,33,33,rosmap,FALSE
SM-CTDSY,0/0,0/0,33,33,rosmap,FALSE
SM-CTDSZ,0/0,0/0,33,33,rosmap,FALSE
SM-CTDT1,0/0,0/1,23,23,rosmap,FALSE
SM-CTDT2,0/1,0/0,34,34,rosmap,FALSE
SM-CTDT3,0/0,0/0,33,33,rosmap,FALSE
SM-CTDT4,0/0,0/0,33,33,rosmap,FALSE
SM-CTDT5,0/1,0/0,34,34,rosmap,FALSE
SM-CTDT6,0/1,0/0,34,34,rosmap,FALSE
SM-CTDT7,0/0,0/0,33,33,rosmap,FALSE
SM-CTDT8,0/0,0/1,23,23,rosmap,FALSE
SM-CTDT9,0/1,0/0,34,34,rosmap,FALSE
SM-CTDTA,0/1,0/0,34,34,rosmap,FALSE
SM-CTDTB,0/0,0/0,33,33,rosmap,FALSE
SM-CTDTD,0/1,0/0,34,34,rosmap,FALSE
SM-CTDTE,0/0,0/0,33,33,rosmap,FALSE
SM-CTDTF,0/1,0/0,34,34,rosmap,FALSE
SM-CTDTG,0/0,0/0,33,33,rosmap,FALSE
SM-CTDTH,0/0,0/0,33,33,rosmap,FALSE
SM-CTDTI,0/0,0/0,33,23,rosmap,TRUE
SM-CTDTJ,0/0,0/1,23,23,rosmap,FALSE
SM-CTDTK,0/0,0/0,33,33,rosmap,FALSE
SM-CTDTL,0/0,0/0,33,33,rosmap,FALSE
SM-CTDTM,0/0,0/0,33,33,rosmap,FALSE
SM-CTDTN,0/1,0/0,34,34,rosmap,FALSE
SM-CTDTO,0/0,0/0,33,33,rosmap,FALSE
SM-CTDTP,0/0,0/0,33,33,rosmap,FALSE
SM-CTDTQ,0/0,0/0,33,33,rosmap,FALSE
SM-CTDTR,0/0,0/0,33,33,rosmap,FALSE
SM-CTDTS,0/0,0/1,23,23,rosmap,FALSE
SM-CTDTT,0/0,0/1,23,23,rosmap,FALSE
SM-CTDTV,0/0,0/0,33,33,rosmap,FALSE
SM-CTDTW,0/0,0/0,33,33,rosmap,FALSE
SM-CTDTX,0/0,0/0,33,33,rosmap,FALSE
SM-CTDTY,0/0,0/0,33,33,rosmap,FALSE
SM-CTDTZ,0/1,0/0,34,34,rosmap,FALSE
SM-CTDU1,0/1,0/0,34,34,rosmap,FALSE
SM-CTDU2,0/0,1-Jan,22,22,rosmap,FALSE
SM-CTDU4,0/1,0/0,34,34,rosmap,FALSE
SM-CTDU5,0/0,0/0,33,33,rosmap,FALSE
SM-CTDU6,0/0,0/0,33,33,rosmap,FALSE
SM-CTDU7,0/1,0/0,34,34,rosmap,FALSE
SM-CTDU8,0/0,0/1,23,23,rosmap,FALSE
SM-CTDU9,0/1,0/0,34,34,rosmap,FALSE
SM-CTDUA,0/0,0/0,33,33,rosmap,FALSE
SM-CTDUB,0/1,0/0,34,34,rosmap,FALSE
SM-CTDUC,0/0,0/0,33,33,rosmap,FALSE
SM-CTDUD,0/0,0/1,23,23,rosmap,FALSE
SM-CTDUE,0/0,0/1,23,,rosmap,
SM-CTDUF,0/0,0/0,33,33,rosmap,FALSE
SM-CTDUG,0/0,0/0,33,,rosmap,
SM-CTDUH,0/1,0/0,34,34,rosmap,FALSE
SM-CTDUI,0/0,0/1,23,23,rosmap,FALSE
SM-CTDUJ,0/0,0/0,33,33,rosmap,FALSE
SM-CTDUK,0/0,0/0,33,33,rosmap,FALSE
SM-CTDUL,0/0,0/0,33,,rosmap,
SM-CTDUM,0/0,0/0,33,33,rosmap,FALSE
SM-CTDUN,0/0,0/0,33,33,rosmap,FALSE
SM-CTDUO,0/0,0/0,33,,rosmap,
SM-CTDUP,0/1,0/0,34,34,rosmap,FALSE
SM-CTDUQ,0/1,0/0,34,34,rosmap,FALSE
SM-CTDUR,0/0,0/0,33,33,rosmap,FALSE
SM-CTDUS,0/0,0/0,33,33,rosmap,FALSE
SM-CTDUT,0/0,0/0,33,33,rosmap,FALSE
SM-CTDUU,0/1,0/0,34,34,rosmap,FALSE
SM-CTDUV,0/0,0/0,33,33,rosmap,FALSE
SM-CTDUW,0/1,0/0,34,34,rosmap,FALSE
SM-CTDUX,0/0,0/0,33,33,rosmap,FALSE
SM-CTDUY,0/1,0/0,34,34,rosmap,FALSE
SM-CTDUZ,0/0,0/0,33,33,rosmap,FALSE
SM-CTDV1,0/0,0/0,33,33,rosmap,FALSE
SM-CTDV2,0/1,0/0,34,34,rosmap,FALSE
SM-CTDV3,1-Jan,0/0,44,44,rosmap,FALSE
SM-CTDV4,0/0,0/0,33,33,rosmap,FALSE
SM-CTDV5,0/0,0/0,33,33,rosmap,FALSE
SM-CTDV6,0/1,0/0,34,34,rosmap,FALSE
SM-CTDV7,0/0,0/0,33,33,rosmap,FALSE
SM-CTDV8,0/1,0/0,34,34,rosmap,FALSE
SM-CTDV9,0/0,0/0,33,33,rosmap,FALSE
SM-CTDVA,0/0,0/0,33,33,rosmap,FALSE
SM-CTDVB,0/0,0/0,33,33,rosmap,FALSE
SM-CTDVC,0/1,0/0,34,,rosmap,
SM-CTDVD,0/1,0/0,34,34,rosmap,FALSE
SM-CTDVE,0/0,0/1,23,23,rosmap,FALSE
SM-CTDVF,0/0,0/0,33,33,rosmap,FALSE
SM-CTDVG,0/0,0/0,33,33,rosmap,FALSE
SM-CTDVH,1-Jan,0/0,44,,rosmap,
SM-CTDVI,0/0,0/0,33,33,rosmap,FALSE
SM-CTDVJ,0/0,0/0,33,33,rosmap,FALSE
SM-CTDVK,0/0,0/0,33,33,rosmap,FALSE
SM-CTDVL,0/0,0/0,33,33,rosmap,FALSE
SM-CTDVM,0/0,0/0,33,33,rosmap,FALSE
SM-CTDVN,0/1,0/0,34,34,rosmap,FALSE
SM-CTDVO,0/0,0/1,23,23,rosmap,FALSE
SM-CTDVP,0/0,0/0,33,,rosmap,
SM-CTDVR,0/0,0/0,33,34,rosmap,TRUE
SM-CTDVS,0/0,0/0,33,33,rosmap,FALSE
SM-CTECE,0/0,0/0,33,33,rosmap,FALSE
SM-CTECF,0/0,0/0,33,33,rosmap,FALSE
SM-CTECG,0/0,0/0,33,33,rosmap,FALSE
SM-CTECH,0/0,0/0,33,33,rosmap,FALSE
SM-CTECI,0/0,0/0,33,33,rosmap,FALSE
SM-CTECL,0/0,0/0,33,33,rosmap,FALSE
SM-CTECN,0/1,0/0,34,34,rosmap,FALSE
SM-CTECO,0/0,0/0,33,33,rosmap,FALSE
SM-CTECP,0/0,0/1,23,23,rosmap,FALSE
SM-CTECQ,0/0,0/0,33,33,rosmap,FALSE
SM-CTECR,0/0,0/0,33,33,rosmap,FALSE
SM-CTECS,0/0,0/0,33,33,rosmap,FALSE
SM-CTECT,0/1,0/0,34,34,rosmap,FALSE
SM-CTECU,0/1,0/0,34,34,rosmap,FALSE
SM-CTECV,0/0,0/0,33,33,rosmap,FALSE
SM-CTECW,0/0,0/0,33,33,rosmap,FALSE
SM-CTECX,0/1,0/0,34,34,rosmap,FALSE
SM-CTECY,0/0,0/0,33,33,rosmap,FALSE
SM-CTECZ,0/1,0/0,34,34,rosmap,FALSE
SM-CTED1,0/0,0/0,33,33,rosmap,FALSE
SM-CTED2,0/1,0/0,34,34,rosmap,FALSE
SM-CTED3,0/0,0/0,33,33,rosmap,FALSE
SM-CTED4,0/0,0/0,33,33,rosmap,FALSE
SM-CTED5,0/0,0/0,33,33,rosmap,FALSE
SM-CTED6,0/0,0/1,23,23,rosmap,FALSE
SM-CTED7,0/0,0/0,33,33,rosmap,FALSE
SM-CTED8,0/0,0/0,33,33,rosmap,FALSE
SM-CTED9,0/0,0/0,33,33,rosmap,FALSE
SM-CTEDA,0/0,0/0,33,33,rosmap,FALSE
SM-CTEDB,0/0,0/0,33,33,rosmap,FALSE
SM-CTEDC,0/0,0/1,23,23,rosmap,FALSE
SM-CTEDD,0/1,0/0,34,33,rosmap,TRUE
SM-CTEDE,0/1,0/0,34,34,rosmap,FALSE
SM-CTEDF,0/0,0/0,33,33,rosmap,FALSE
SM-CTEDG,0/1,0/0,34,34,rosmap,FALSE
SM-CTEDH,0/0,0/1,23,23,rosmap,FALSE
SM-CTEDK,0/0,0/0,33,33,rosmap,FALSE
SM-CTEDL,0/0,0/0,33,33,rosmap,FALSE
SM-CTEDM,0/0,0/0,33,33,rosmap,FALSE
SM-CTEDN,0/0,0/0,33,33,rosmap,FALSE
SM-CTEDO,0/0,0/0,33,33,rosmap,FALSE
SM-CTEDP,0/0,0/1,23,23,rosmap,FALSE
SM-CTEDQ,0/0,0/1,23,23,rosmap,FALSE
SM-CTEDR,0/1,0/0,34,34,rosmap,FALSE
SM-CTEDS,0/0,0/0,33,33,rosmap,FALSE
SM-CTEDU,0/0,0/0,33,33,rosmap,FALSE
SM-CTEDW,0/0,0/0,33,33,rosmap,FALSE
SM-CTEDY,0/0,0/0,33,23,rosmap,TRUE
SM-CTEDZ,0/0,0/0,33,33,rosmap,FALSE
SM-CTEE2,0/0,0/0,33,33,rosmap,FALSE
SM-CTEE3,0/0,0/1,23,23,rosmap,FALSE
SM-CTEE4,0/1,0/1,24,24,rosmap,FALSE
SM-CTEE5,0/0,0/0,33,33,rosmap,FALSE
SM-CTEE6,0/1,0/1,24,24,rosmap,FALSE
SM-CTEE7,0/0,0/0,33,33,rosmap,FALSE
SM-CTEE8,0/0,0/0,33,33,rosmap,FALSE
SM-CTEEA,0/0,0/1,23,23,rosmap,FALSE
SM-CTEEB,0/0,0/0,33,33,rosmap,FALSE
SM-CTEEC,0/0,0/0,33,33,rosmap,FALSE
SM-CTEED,0/1,0/0,34,34,rosmap,FALSE
SM-CTEEF,0/1,0/0,34,34,rosmap,FALSE
SM-CTEEG,0/0,0/0,33,33,rosmap,FALSE
SM-CTEEH,0/0,0/1,23,23,rosmap,FALSE
SM-CTEEI,0/0,0/0,33,33,rosmap,FALSE
SM-CTEEJ,0/0,0/0,33,33,rosmap,FALSE
SM-CTEEK,0/0,0/0,33,33,rosmap,FALSE
SM-CTEEL,0/0,0/0,33,33,rosmap,FALSE
SM-CTEEM,0/0,0/0,33,33,rosmap,FALSE
SM-CTEEN,0/0,0/0,33,33,rosmap,FALSE
SM-CTEEO,0/0,0/0,33,33,rosmap,FALSE
SM-CTEEP,0/0,0/0,33,33,rosmap,FALSE
SM-CTEEQ,0/0,0/0,33,33,rosmap,FALSE
SM-CTEER,0/0,0/0,33,33,rosmap,FALSE
SM-CTEET,0/0,0/0,33,33,rosmap,FALSE
SM-CTEEU,0/0,0/0,33,33,rosmap,FALSE
SM-CTEEV,0/0,0/0,33,33,rosmap,FALSE
SM-CTEEX,0/1,0/0,34,33,rosmap,TRUE
SM-CTEEY,0/1,0/0,34,34,rosmap,FALSE
SM-CTEEZ,0/0,0/1,23,23,rosmap,FALSE
SM-CTEF1,0/0,0/0,33,33,rosmap,FALSE
SM-CTEF2,0/1,0/0,34,34,rosmap,FALSE
SM-CTEF3,0/0,0/0,33,33,rosmap,FALSE
SM-CTEF4,0/1,0/1,24,24,rosmap,FALSE
SM-CTEF5,0/1,0/0,34,34,rosmap,FALSE
SM-CTEF7,0/1,0/0,34,34,rosmap,FALSE
SM-CTEF8,0/0,0/1,23,23,rosmap,FALSE
SM-CTEF9,0/1,0/1,24,24,rosmap,FALSE
SM-CTEFA,0/0,0/0,33,33,rosmap,FALSE
SM-CTEFB,0/0,0/0,33,33,rosmap,FALSE
SM-CTEFC,0/1,0/0,34,34,rosmap,FALSE
SM-CTEFD,0/0,0/0,33,33,rosmap,FALSE
SM-CTEFE,0/0,0/0,33,33,rosmap,FALSE
SM-CTEFF,0/0,0/1,23,,rosmap,
SM-CTEFG,0/0,0/0,33,33,rosmap,FALSE
SM-CTEFH,0/0,0/0,33,33,rosmap,FALSE
SM-CTEFI,0/0,0/0,33,33,rosmap,FALSE
SM-CTEFJ,0/1,0/0,34,34,rosmap,FALSE
SM-CTEFK,0/0,0/0,33,33,rosmap,FALSE
SM-CTEFL,0/0,0/1,23,23,rosmap,FALSE
SM-CTEFM,0/0,0/0,33,33,rosmap,FALSE
SM-CTEFN,0/0,0/0,33,33,rosmap,FALSE
SM-CTEFO,0/0,0/0,33,33,rosmap,FALSE
SM-CTEFP,0/0,0/0,33,33,rosmap,FALSE
SM-CTEFQ,0/0,0/0,33,33,rosmap,FALSE
SM-CTEFR,0/0,0/0,33,33,rosmap,FALSE
SM-CTEFS,0/1,0/0,34,,rosmap,
SM-CTEFT,0/1,0/0,34,34,rosmap,FALSE
SM-CTEFU,0/0,0/0,33,33,rosmap,FALSE
SM-CTEFV,0/0,0/0,33,33,rosmap,FALSE
SM-CTEFW,0/0,0/0,33,33,rosmap,FALSE
SM-CTEFX,0/0,0/0,33,33,rosmap,FALSE
SM-CTEFY,0/0,0/0,33,33,rosmap,FALSE
SM-CTEFZ,0/0,0/1,23,23,rosmap,FALSE
SM-CTEG1,0/0,0/0,33,33,rosmap,FALSE
SM-CTEG2,0/0,0/1,23,23,rosmap,FALSE
SM-CTEG3,0/1,0/0,34,,rosmap,
SM-CTEG4,0/0,0/0,33,33,rosmap,FALSE
SM-CTEG5,0/0,0/0,33,33,rosmap,FALSE
SM-CTEG6,0/0,0/1,23,23,rosmap,FALSE
SM-CTEG7,0/0,0/0,33,33,rosmap,FALSE
SM-CTEG8,0/0,0/0,33,33,rosmap,FALSE
SM-CTEG9,0/0,0/0,33,33,rosmap,FALSE
SM-CTEGB,0/0,0/0,33,33,rosmap,FALSE
SM-CTEGC,0/1,0/0,34,,rosmap,
SM-CTEGD,0/0,0/0,33,33,rosmap,FALSE
SM-CTEGE,0/1,0/0,34,34,rosmap,FALSE
SM-CTEGF,0/0,0/0,33,33,rosmap,FALSE
SM-CTEGG,0/0,0/0,33,33,rosmap,FALSE
SM-CTEGH,0/0,0/0,33,33,rosmap,FALSE
SM-CTEGI,0/0,0/0,33,33,rosmap,FALSE
SM-CTEGJ,0/0,0/0,33,33,rosmap,FALSE
SM-CTEGK,0/0,0/0,33,33,rosmap,FALSE
SM-CTEGL,0/1,0/0,34,34,rosmap,FALSE
SM-CTEGM,0/1,0/0,34,34,rosmap,FALSE
SM-CTEGN,0/0,0/0,33,33,rosmap,FALSE
SM-CTEGO,0/1,0/0,34,34,rosmap,FALSE
SM-CTEGP,0/1,0/0,34,34,rosmap,FALSE
SM-CTEGQ,0/0,0/0,33,33,rosmap,FALSE
SM-CTEGR,0/1,0/0,34,34,rosmap,FALSE
SM-CTEGS,0/0,0/0,33,33,rosmap,FALSE
SM-CTEGT,0/0,0/0,33,33,rosmap,FALSE
SM-CTEGU,0/0,0/0,33,33,rosmap,FALSE
SM-CTEGV,1-Jan,0/0,44,44,rosmap,FALSE
SM-CTEGW,0/0,0/0,33,33,rosmap,FALSE
SM-CTEGX,0/0,0/0,33,33,rosmap,FALSE
SM-CTEGY,0/0,0/0,33,33,rosmap,FALSE
SM-CTEGZ,0/1,0/0,34,34,rosmap,FALSE
SM-CTEI5,0/0,0/0,33,33,rosmap,FALSE
SM-CTEI6,0/0,0/0,33,33,rosmap,FALSE
SM-CTEI7,0/0,0/0,33,33,rosmap,FALSE
SM-CTEI8,0/0,0/0,33,33,rosmap,FALSE
SM-CTEI9,0/0,0/0,33,33,rosmap,FALSE
SM-CTEIA,0/0,0/0,33,33,rosmap,FALSE
SM-CTEIB,0/1,0/0,34,34,rosmap,FALSE
SM-CTEIC,0/0,0/0,33,33,rosmap,FALSE
SM-CTEID,0/1,0/0,34,34,rosmap,FALSE
SM-CTEIE,0/1,0/1,24,34,rosmap,TRUE
SM-CTEIG,0/0,0/0,33,33,rosmap,FALSE
SM-CTEIH,0/0,0/0,33,33,rosmap,FALSE
SM-CTEIJ,0/0,0/0,33,33,rosmap,FALSE
SM-CTEIK,0/0,0/0,33,33,rosmap,FALSE
SM-CTEIL,0/0,0/0,33,33,rosmap,FALSE
SM-CTEIO,0/0,0/1,23,23,rosmap,FALSE
SM-CTEIP,0/1,0/0,34,34,rosmap,FALSE
SM-CTEIQ,0/1,0/1,24,24,rosmap,FALSE
SM-CTEIR,0/0,0/0,33,33,rosmap,FALSE
SM-CTELS,0/0,0/0,33,33,rosmap,FALSE
SM-CTELT,0/0,0/0,33,33,rosmap,FALSE
SM-CTELU,0/1,0/0,34,34,rosmap,FALSE
SM-CTELV,0/0,0/0,33,33,rosmap,FALSE
SM-CTELW,0/0,0/0,33,,rosmap,
SM-CTELX,0/0,1-Jan,22,22,rosmap,FALSE
SM-CTELY,0/0,0/0,33,33,rosmap,FALSE
SM-CTELZ,0/0,0/0,33,33,rosmap,FALSE
SM-CTEM1,1-Jan,0/0,44,44,rosmap,FALSE
SM-CTEM2,0/0,0/0,33,33,rosmap,FALSE
SM-CTEM3,0/0,0/0,33,33,rosmap,FALSE
SM-CTEM4,0/0,0/1,23,23,rosmap,FALSE
SM-CTEM5,0/0,0/0,33,33,rosmap,FALSE
SM-CTEM6,0/1,0/0,34,34,rosmap,FALSE
SM-CTEM8,0/0,0/0,33,33,rosmap,FALSE
SM-CTEM9,0/1,0/0,34,34,rosmap,FALSE
SM-CTEMB,0/0,0/0,33,33,rosmap,FALSE
SM-CTEMC,0/1,0/0,34,34,rosmap,FALSE
SM-CTEMD,0/0,0/0,33,33,rosmap,FALSE
SM-CTEME,0/0,0/0,33,33,rosmap,FALSE
SM-CTEMF,0/0,0/0,33,33,rosmap,FALSE
SM-CTEMG,0/0,0/0,33,23,rosmap,TRUE
SM-CTEMH,1-Jan,0/0,44,44,rosmap,FALSE
SM-CTEMI,0/0,0/0,33,33,rosmap,FALSE
SM-CTEMJ,0/0,0/0,33,33,rosmap,FALSE
SM-CTEMK,0/0,0/0,33,33,rosmap,FALSE
SM-CTEML,0/0,0/0,33,33,rosmap,FALSE
SM-CTEMM,0/0,0/1,23,23,rosmap,FALSE
SM-CTEMN,0/0,0/0,33,33,rosmap,FALSE
SM-CTEMO,0/1,0/0,34,34,rosmap,FALSE
SM-CTEMP,0/0,0/0,33,33,rosmap,FALSE
SM-CTEMQ,0/0,0/0,33,33,rosmap,FALSE
SM-CTEMR,0/0,0/0,33,33,rosmap,FALSE
SM-CTEMS,0/0,0/0,33,33,rosmap,FALSE
SM-CTEMT,0/0,0/0,33,33,rosmap,FALSE
SM-CTEMU,0/0,0/0,33,33,rosmap,FALSE
SM-CTEMW,0/0,0/0,33,24,rosmap,TRUE
SM-CTEMX,0/0,0/0,33,33,rosmap,FALSE
SM-CTEMY,0/0,0/0,33,33,rosmap,FALSE
SM-CTEMZ,1-Jan,0/0,44,44,rosmap,FALSE
SM-CTEN1,0/0,0/0,33,33,rosmap,FALSE
SM-CTEN2,0/0,0/0,33,33,rosmap,FALSE
SM-CTEN3,0/0,0/0,33,33,rosmap,FALSE
SM-CTEN4,0/1,0/0,34,34,rosmap,FALSE
SM-CTEN5,0/1,0/0,34,34,rosmap,FALSE
SM-CTEN6,0/0,0/1,23,23,rosmap,FALSE
SM-CTEN7,0/0,0/0,33,33,rosmap,FALSE
SM-CTEN8,0/0,0/1,23,23,rosmap,FALSE
SM-CTEN9,0/1,0/0,34,34,rosmap,FALSE
SM-CTENA,0/0,0/0,33,33,rosmap,FALSE
SM-CTENC,0/0,0/0,33,33,rosmap,FALSE
SM-CTEND,0/0,0/0,33,33,rosmap,FALSE
SM-CTENE,0/0,0/0,33,33,rosmap,FALSE
SM-CTENF,0/0,0/0,33,33,rosmap,FALSE
SM-CTENG,0/0,0/0,33,33,rosmap,FALSE
SM-CTENH,0/1,0/0,34,33,rosmap,TRUE